id,name,popularity,genres,related_artist_ids,related_artist_names
6FQqZYVfTNQ1pCqfkwVFEa,Foals,65,"['indie rock', 'modern rock', 'oxford indie', 'rock']","['22RISwgVJyZu9lpqAcv1F5', '45FqwUG4hTT6d39r2HUsUe', '6ssXMmc5EOUrauZxirM910', '7DruTvBV7owt1aSAZHsU58', '0vW8z9pZMGCcRtGPGtyqiB', '4fgXfJCQnK6c44u4KzAtQP', '3MM8mtgFzaEJsqbjZBSsHJ', '3btzEQD6sugImIHPMRgkwV', '1HOeqtP7tHkKNJNLzQ2tnr', '1ShwUjKIwQRaUJij7jgRhp', '7243txmysJ4KbRmH8UAMKO', '3pTE9iaJTkWns3mxpNQlJV', '2qlAMLpUyBjZgnzuFXXZXI', '0Ak6DLKHtpR6TEEnmcorKA', '09K1H1DgyIXHsMx2j7KTFX', '6hl5k4gLl1p3sjhHcb57t2', '6e9wIFWhBPHLE9bXK8gtBI', '048FBwXjFYBWxSggPDipic', '3Rsr4Z96O6U3lToOiV3zBh', '6zlR5ttMfMNmwf2lecU9Cc']","['Blossoms', 'Sea Girls', 'White Lies', 'Viola Beach', 'The Maccabees', 'Sundara Karma', 'Bloc Party', 'Wolf Alice', 'Everything Everything', 'The Night Café', 'The Amazons', 'Bombay Bicycle Club', 'Klaxons', 'The Vaccines', 'Mystery Jets', 'Circa Waves', 'Editors', 'Maximo Park', 'Jamie T', 'Sam Fender']"
22RISwgVJyZu9lpqAcv1F5,Blossoms,58,"['english indie rock', 'modern rock', 'rock']","['4fgXfJCQnK6c44u4KzAtQP', '45FqwUG4hTT6d39r2HUsUe', '7DruTvBV7owt1aSAZHsU58', '52pNByiBWx6SVMMqqcCA74', '4hfrzKkUsrb3Cz209SKxbo', '1ShwUjKIwQRaUJij7jgRhp', '7jZycSvTyx0W9poD4PjEIG', '3E3NOIlw2s1ZPU9GRB9jaq', '6hl5k4gLl1p3sjhHcb57t2', '7MkyChCSbNBozQ6jq79lop', '7cpCnhhBIU1gA7EhTFApN1', '6zlR5ttMfMNmwf2lecU9Cc', '6hWReUQlQwLTYlmZ1vltRB', '7243txmysJ4KbRmH8UAMKO', '5CMAV0Fr8uS2YqlR1ZG5lA', '5YA1c6yVkPnflTLMfOgjzc', '04JIxSs2P0iteVWtaskfeh', '4AzAfQNuAyKOFG4DZMsdAo', '0vnJ2wR879kbb5MuzblVOb', '4SrofCfzlhtiKRAsMfBxV4']","['Sundara Karma', 'Sea Girls', 'Viola Beach', 'The Magic Gang', 'Ten Tonnes', 'The Night Café', 'The Hunna', 'JAWS', 'Circa Waves', 'Marsicans', 'Gerry Cinnamon', 'Sam Fender', 'King No-One', 'The Amazons', 'High Tyde', 'Vistas', 'Sports Team', 'The Snuts', 'Clean Cut Kid', 'The Sherlocks']"
45FqwUG4hTT6d39r2HUsUe,Sea Girls,53,"['english indie rock', 'modern alternative rock', 'modern rock', 'rock', 'uk pop']","['4fgXfJCQnK6c44u4KzAtQP', '22RISwgVJyZu9lpqAcv1F5', '4hfrzKkUsrb3Cz209SKxbo', '7DruTvBV7owt1aSAZHsU58', '1ShwUjKIwQRaUJij7jgRhp', '7MkyChCSbNBozQ6jq79lop', '52pNByiBWx6SVMMqqcCA74', '7jZycSvTyx0W9poD4PjEIG', '6hl5k4gLl1p3sjhHcb57t2', '6hWReUQlQwLTYlmZ1vltRB', '3E3NOIlw2s1ZPU9GRB9jaq', '5YA1c6yVkPnflTLMfOgjzc', '7243txmysJ4KbRmH8UAMKO', '5CMAV0Fr8uS2YqlR1ZG5lA', '7cpCnhhBIU1gA7EhTFApN1', '0vnJ2wR879kbb5MuzblVOb', '0hSgRl2U8kSaJLE2Di325f', '3uhfMjcE5HJqMIWh3Iolw0', '6zlR5ttMfMNmwf2lecU9Cc', '3VRqGLyj4cnRers46I0Yk4']","['Sundara Karma', 'Blossoms', 'Ten Tonnes', 'Viola Beach', 'The Night Café', 'Marsicans', 'The Magic Gang', 'The Hunna', 'Circa Waves', 'King No-One', 'JAWS', 'Vistas', 'The Amazons', 'High Tyde', 'Gerry Cinnamon', 'Clean Cut Kid', 'Bad Sounds', 'The Pale White', 'Sam Fender', 'SPINN']"
6ssXMmc5EOUrauZxirM910,White Lies,57,"['alternative dance', 'indie rock', 'modern rock', 'new rave', 'rock']","['6e9wIFWhBPHLE9bXK8gtBI', '2qlAMLpUyBjZgnzuFXXZXI', '3MM8mtgFzaEJsqbjZBSsHJ', '35YNL4wwv11ZkmeWWL51y7', '0LbLWjaweRbO4FDKYlbfNt', '2bcrMsFlF632EQ6VZERWFu', '7M6zxq59QM0CMvvYprtzOZ', '14Gi3Uph96lpNB3utkoVAD', '048FBwXjFYBWxSggPDipic', '0vW8z9pZMGCcRtGPGtyqiB', '7DEseTqRODmSu3C7jxCHl5', '18Zv2g2vUcEGqJf6WnjfXN', '3r6Sk3pYxdJk7MekhBGgMR', '3WaJSfKnzc65VDgmj2zU8B', '11wRdbnoYqRddKBrpHt4Ue', '450iujbtN6XgiA9pv6fVZz', '09K1H1DgyIXHsMx2j7KTFX', '0XNa1vTidXlvJ2gHSsRi4A', '2Z7UcsdweVlRbAk5wH5fsf', '7FPkZue0zzjHaOPJb4WCw3']","['Editors', 'Klaxons', 'Bloc Party', 'We Are Scientists', 'Kaiser Chiefs', 'The Bravery', 'The Cinematics', 'Hard-FI', 'Maximo Park', 'The Maccabees', 'The Boxer Rebellion', 'Brandon Flowers', 'Blood Red Shoes', 'Interpol', 'Kasabian', 'Razorlight', 'Mystery Jets', 'Franz Ferdinand', 'The Last Shadow Puppets', 'The Pigeon Detectives']"
7DruTvBV7owt1aSAZHsU58,Viola Beach,45,"['english indie rock', 'modern alternative rock', 'modern rock', 'warrington indie']","['4hfrzKkUsrb3Cz209SKxbo', '4fgXfJCQnK6c44u4KzAtQP', '7jZycSvTyx0W9poD4PjEIG', '22RISwgVJyZu9lpqAcv1F5', '45FqwUG4hTT6d39r2HUsUe', '1ShwUjKIwQRaUJij7jgRhp', '52pNByiBWx6SVMMqqcCA74', '7MkyChCSbNBozQ6jq79lop', '3E3NOIlw2s1ZPU9GRB9jaq', '6hl5k4gLl1p3sjhHcb57t2', '6hWReUQlQwLTYlmZ1vltRB', '5CMAV0Fr8uS2YqlR1ZG5lA', '0vnJ2wR879kbb5MuzblVOb', '4Xxkt0tSJr1uNxGDZcJLRc', '7cpCnhhBIU1gA7EhTFApN1', '6zlR5ttMfMNmwf2lecU9Cc', '4AzAfQNuAyKOFG4DZMsdAo', '7243txmysJ4KbRmH8UAMKO', '5YA1c6yVkPnflTLMfOgjzc', '0hSgRl2U8kSaJLE2Di325f']","['Ten Tonnes', 'Sundara Karma', 'The Hunna', 'Blossoms', 'Sea Girls', 'The Night Café', 'The Magic Gang', 'Marsicans', 'JAWS', 'Circa Waves', 'King No-One', 'High Tyde', 'Clean Cut Kid', 'VANT', 'Gerry Cinnamon', 'Sam Fender', 'The Snuts', 'The Amazons', 'Vistas', 'Bad Sounds']"
0vW8z9pZMGCcRtGPGtyqiB,The Maccabees,50,"['alternative dance', 'british indie rock', 'indie rock', 'modern rock', 'new rave']","['09K1H1DgyIXHsMx2j7KTFX', '51Eq6WMVEOjjx9KQMAnneG', '1SBU4DvQapOFCnxMzENUkp', '3pTE9iaJTkWns3mxpNQlJV', '7FPkZue0zzjHaOPJb4WCw3', '3TBfn8PtXr42OrTPaoC3E8', '3Rsr4Z96O6U3lToOiV3zBh', '7mDQwcnDUGuSoggxbUtVc1', '35YNL4wwv11ZkmeWWL51y7', '048FBwXjFYBWxSggPDipic', '1VyVjE6tvQiM8T8a3WcYQd', '1fy3AQc7grjf5LnCd7snSg', '3Sr1muUE6DYihFufoHpnfc', '4kYNTq3njMHBcnv8Di0v0Y', '3MM8mtgFzaEJsqbjZBSsHJ', '4fSPtBgFPZzygkY6MehwQ7', '01ZP85CNi7Y9t1e0one46k', '7cfhZmKaLWzNLwHDxzugUH', '1KlihEB7FggW8e9cMbPXAz', '2qlAMLpUyBjZgnzuFXXZXI']","['Mystery Jets', 'The Cribs', 'Good Shoes', 'Bombay Bicycle Club', 'The Pigeon Detectives', 'The Futureheads', 'Jamie T', 'The Rakes', 'We Are Scientists', 'Maximo Park', 'Jack Peñate', 'The View', 'The Rifles', 'Young Knives', 'Bloc Party', 'The Libertines', 'The Enemy', 'Little Comets', 'Milburn', 'Klaxons']"
4fgXfJCQnK6c44u4KzAtQP,Sundara Karma,51,"['english indie rock', 'modern alternative rock', 'modern rock', 'reading indie', 'rock']","['7jZycSvTyx0W9poD4PjEIG', '7DruTvBV7owt1aSAZHsU58', '22RISwgVJyZu9lpqAcv1F5', '3E3NOIlw2s1ZPU9GRB9jaq', '1ShwUjKIwQRaUJij7jgRhp', '52pNByiBWx6SVMMqqcCA74', '45FqwUG4hTT6d39r2HUsUe', '6hWReUQlQwLTYlmZ1vltRB', '5CMAV0Fr8uS2YqlR1ZG5lA', '4hfrzKkUsrb3Cz209SKxbo', '6hl5k4gLl1p3sjhHcb57t2', '7MkyChCSbNBozQ6jq79lop', '0vnJ2wR879kbb5MuzblVOb', '4Xxkt0tSJr1uNxGDZcJLRc', '7243txmysJ4KbRmH8UAMKO', '79RmzX8i9w6YwqJjg3O1MY', '3uhfMjcE5HJqMIWh3Iolw0', '6zlR5ttMfMNmwf2lecU9Cc', '4SrofCfzlhtiKRAsMfBxV4', '0hSgRl2U8kSaJLE2Di325f']","['The Hunna', 'Viola Beach', 'Blossoms', 'JAWS', 'The Night Café', 'The Magic Gang', 'Sea Girls', 'King No-One', 'High Tyde', 'Ten Tonnes', 'Circa Waves', 'Marsicans', 'Clean Cut Kid', 'VANT', 'The Amazons', 'Blaenavon', 'The Pale White', 'Sam Fender', 'The Sherlocks', 'Bad Sounds']"
3MM8mtgFzaEJsqbjZBSsHJ,Bloc Party,60,"['alternative dance', 'alternative rock', 'dance-punk', 'indie rock', 'modern rock', 'new rave', 'rock']","['35YNL4wwv11ZkmeWWL51y7', '0vW8z9pZMGCcRtGPGtyqiB', '3TBfn8PtXr42OrTPaoC3E8', '2qlAMLpUyBjZgnzuFXXZXI', '2bcrMsFlF632EQ6VZERWFu', '6e9wIFWhBPHLE9bXK8gtBI', '048FBwXjFYBWxSggPDipic', '51Eq6WMVEOjjx9KQMAnneG', '6ssXMmc5EOUrauZxirM910', '7mDQwcnDUGuSoggxbUtVc1', '14Gi3Uph96lpNB3utkoVAD', '09K1H1DgyIXHsMx2j7KTFX', '0LbLWjaweRbO4FDKYlbfNt', '3r6Sk3pYxdJk7MekhBGgMR', '3WaJSfKnzc65VDgmj2zU8B', '7FPkZue0zzjHaOPJb4WCw3', '4BntNFyiN3VGG4hhRRZt9d', '4fSPtBgFPZzygkY6MehwQ7', '3pTE9iaJTkWns3mxpNQlJV', '0XNa1vTidXlvJ2gHSsRi4A']","['We Are Scientists', 'The Maccabees', 'The Futureheads', 'Klaxons', 'The Bravery', 'Editors', 'Maximo Park', 'The Cribs', 'White Lies', 'The Rakes', 'Hard-FI', 'Mystery Jets', 'Kaiser Chiefs', 'Blood Red Shoes', 'Interpol', 'The Pigeon Detectives', 'The Subways', 'The Libertines', 'Bombay Bicycle Club', 'Franz Ferdinand']"
3btzEQD6sugImIHPMRgkwV,Wolf Alice,61,"['art pop', 'indie pop', 'modern alternative rock', 'modern rock']","['22RISwgVJyZu9lpqAcv1F5', '0KU55rzxAihPhi27MAuz9O', '2oVmQT6s29pVIKpqJkyxBS', '52pNByiBWx6SVMMqqcCA74', '2ATweaQe83QUQVjM8LMh7J', '04JIxSs2P0iteVWtaskfeh', '4fgXfJCQnK6c44u4KzAtQP', '45FqwUG4hTT6d39r2HUsUe', '1xVcjJ5YsYOClO2Unt3Rm8', '1ShwUjKIwQRaUJij7jgRhp', '7243txmysJ4KbRmH8UAMKO', '6FQqZYVfTNQ1pCqfkwVFEa', '6hl5k4gLl1p3sjhHcb57t2', '7DruTvBV7owt1aSAZHsU58', '0wOej91SVqB1zcYkW6xUtA', '3K9muOlJVKLgH4SIwwZiDe', '34nBPbcVc9F9eizQC4a5aT', '0vW8z9pZMGCcRtGPGtyqiB', '2O9XW1nnGRMkMV1wpK8IiS', '6zlR5ttMfMNmwf2lecU9Cc']","['Blossoms', 'The Big Moon', 'Black Honey', 'The Magic Gang', 'Gengahr', 'Sports Team', 'Sundara Karma', 'Sea Girls', 'Sunflower Bean', 'The Night Café', 'The Amazons', 'Foals', 'Circa Waves', 'Viola Beach', 'Pale Waves', 'Self Esteem', 'Spector', 'The Maccabees', 'Peace', 'Sam Fender']"
1HOeqtP7tHkKNJNLzQ2tnr,Everything Everything,54,"['alternative dance', 'experimental pop', 'indie rock', 'modern alternative rock', 'modern rock', 'new rave']","['09K1H1DgyIXHsMx2j7KTFX', '3pTE9iaJTkWns3mxpNQlJV', '0vW8z9pZMGCcRtGPGtyqiB', '7cfhZmKaLWzNLwHDxzugUH', '4zrFO6P7G6EZry0pfxMfKT', '5ERkupmHea6uS0nwKr2zcz', '2ARO60gI5do88ho6azmzab', '34nBPbcVc9F9eizQC4a5aT', '048FBwXjFYBWxSggPDipic', '2qlAMLpUyBjZgnzuFXXZXI', '3MM8mtgFzaEJsqbjZBSsHJ', '0Ak6DLKHtpR6TEEnmcorKA', '35YNL4wwv11ZkmeWWL51y7', '51Eq6WMVEOjjx9KQMAnneG', '2ATweaQe83QUQVjM8LMh7J', '6FQqZYVfTNQ1pCqfkwVFEa', '6ssXMmc5EOUrauZxirM910', '2O9XW1nnGRMkMV1wpK8IiS', '5zhn89Em2jWUUWdpcLO3YL', '6VsiDFMZJlJ053P1uO4A6h']","['Mystery Jets', 'Bombay Bicycle Club', 'The Maccabees', 'Little Comets', 'Wild Beasts', 'Darwin Deez', 'Django Django', 'Spector', 'Maximo Park', 'Klaxons', 'Bloc Party', 'The Vaccines', 'We Are Scientists', 'The Cribs', 'Gengahr', 'Foals', 'White Lies', 'Peace', 'Sea Power', 'Public Service Broadcasting']"
1ShwUjKIwQRaUJij7jgRhp,The Night Café,48,"['english indie rock', 'liverpool indie', 'modern alternative rock', 'modern rock', 'rock']","['4fgXfJCQnK6c44u4KzAtQP', '5CMAV0Fr8uS2YqlR1ZG5lA', '45FqwUG4hTT6d39r2HUsUe', '7jZycSvTyx0W9poD4PjEIG', '7DruTvBV7owt1aSAZHsU58', '3E3NOIlw2s1ZPU9GRB9jaq', '4hfrzKkUsrb3Cz209SKxbo', '6hWReUQlQwLTYlmZ1vltRB', '22RISwgVJyZu9lpqAcv1F5', '7MkyChCSbNBozQ6jq79lop', '5YA1c6yVkPnflTLMfOgjzc', '0vnJ2wR879kbb5MuzblVOb', '52pNByiBWx6SVMMqqcCA74', '6hl5k4gLl1p3sjhHcb57t2', '7243txmysJ4KbRmH8UAMKO', '4Xxkt0tSJr1uNxGDZcJLRc', '3uhfMjcE5HJqMIWh3Iolw0', '04JIxSs2P0iteVWtaskfeh', '6zlR5ttMfMNmwf2lecU9Cc', '79RmzX8i9w6YwqJjg3O1MY']","['Sundara Karma', 'High Tyde', 'Sea Girls', 'The Hunna', 'Viola Beach', 'JAWS', 'Ten Tonnes', 'King No-One', 'Blossoms', 'Marsicans', 'Vistas', 'Clean Cut Kid', 'The Magic Gang', 'Circa Waves', 'The Amazons', 'VANT', 'The Pale White', 'Sports Team', 'Sam Fender', 'Blaenavon']"
7243txmysJ4KbRmH8UAMKO,The Amazons,47,"['english indie rock', 'garage rock revival', 'modern alternative rock', 'modern rock', 'reading indie', 'rock']","['4hfrzKkUsrb3Cz209SKxbo', '1ShwUjKIwQRaUJij7jgRhp', '4fgXfJCQnK6c44u4KzAtQP', '45FqwUG4hTT6d39r2HUsUe', '6hWReUQlQwLTYlmZ1vltRB', '3uhfMjcE5HJqMIWh3Iolw0', '52pNByiBWx6SVMMqqcCA74', '7jZycSvTyx0W9poD4PjEIG', '7DruTvBV7owt1aSAZHsU58', '3E3NOIlw2s1ZPU9GRB9jaq', '22RISwgVJyZu9lpqAcv1F5', '5CMAV0Fr8uS2YqlR1ZG5lA', '6hl5k4gLl1p3sjhHcb57t2', '4Xxkt0tSJr1uNxGDZcJLRc', '0vnJ2wR879kbb5MuzblVOb', '6DaXEbr3LdLNcui8pZf6AF', '7MkyChCSbNBozQ6jq79lop', '5YA1c6yVkPnflTLMfOgjzc', '6zlR5ttMfMNmwf2lecU9Cc', '4AzAfQNuAyKOFG4DZMsdAo']","['Ten Tonnes', 'The Night Café', 'Sundara Karma', 'Sea Girls', 'King No-One', 'The Pale White', 'The Magic Gang', 'The Hunna', 'Viola Beach', 'JAWS', 'Blossoms', 'High Tyde', 'Circa Waves', 'VANT', 'Clean Cut Kid', 'The Luka State', 'Marsicans', 'Vistas', 'Sam Fender', 'The Snuts']"
3pTE9iaJTkWns3mxpNQlJV,Bombay Bicycle Club,58,"['alternative dance', 'british indie rock', 'indie rock', 'indietronica', 'modern rock', 'new rave', 'stomp and holler']","['0vW8z9pZMGCcRtGPGtyqiB', '09K1H1DgyIXHsMx2j7KTFX', '1HOeqtP7tHkKNJNLzQ2tnr', '7cfhZmKaLWzNLwHDxzugUH', '51Eq6WMVEOjjx9KQMAnneG', '3Rsr4Z96O6U3lToOiV3zBh', '5ERkupmHea6uS0nwKr2zcz', '0Ak6DLKHtpR6TEEnmcorKA', '0aeLcja6hKzb7Uz2ou7ulP', '048FBwXjFYBWxSggPDipic', '1SBU4DvQapOFCnxMzENUkp', '3MM8mtgFzaEJsqbjZBSsHJ', '35YNL4wwv11ZkmeWWL51y7', '4zrFO6P7G6EZry0pfxMfKT', '75dQReiBOHN37fQgWQrIAJ', '7FPkZue0zzjHaOPJb4WCw3', '2ARO60gI5do88ho6azmzab', '4W48hZAnAHVOC2c8WH8pcq', '6dgwEwnK0YtDfS9XhRwBTG', '2qlAMLpUyBjZgnzuFXXZXI']","['The Maccabees', 'Mystery Jets', 'Everything Everything', 'Little Comets', 'The Cribs', 'Jamie T', 'Darwin Deez', 'The Vaccines', 'Noah And The Whale', 'Maximo Park', 'Good Shoes', 'Bloc Party', 'We Are Scientists', 'Wild Beasts', 'Local Natives', 'The Pigeon Detectives', 'Django Django', 'The Temper Trap', 'Broken Bells', 'Klaxons']"
2qlAMLpUyBjZgnzuFXXZXI,Klaxons,51,"['alternative dance', 'alternative rock', 'dance-punk', 'indie rock', 'modern rock', 'new rave']","['4bFfSfCBYpFh37ziXCSqUs', '5ZBQea34QfBgEDkcGEKK2b', '3MM8mtgFzaEJsqbjZBSsHJ', '166Dz1GX3xonSQ3Z6CQW26', '35YNL4wwv11ZkmeWWL51y7', '6ssXMmc5EOUrauZxirM910', '7mDQwcnDUGuSoggxbUtVc1', '2bcrMsFlF632EQ6VZERWFu', '3TBfn8PtXr42OrTPaoC3E8', '0vW8z9pZMGCcRtGPGtyqiB', '2fBURuq7FrlH6z5F92mpOl', '3r6Sk3pYxdJk7MekhBGgMR', '3kdrMtLybQIl93rXJlvF3w', '51Eq6WMVEOjjx9KQMAnneG', '14Gi3Uph96lpNB3utkoVAD', '7EFB09NxZrMi9pGlOnuBpd', '4BntNFyiN3VGG4hhRRZt9d', '09K1H1DgyIXHsMx2j7KTFX', '1SBU4DvQapOFCnxMzENUkp', '18H0sAptzdwid08XGg1Lcj']","['Does It Offend You, Yeah?', 'Late of the Pier', 'Bloc Party', 'The Rapture', 'We Are Scientists', 'White Lies', 'The Rakes', 'The Bravery', 'The Futureheads', 'The Maccabees', 'Digitalism', 'Blood Red Shoes', 'New Young Pony Club', 'The Cribs', 'Hard-FI', 'The Horrors', 'The Subways', 'Mystery Jets', 'Good Shoes', 'Death From Above 1979']"
0Ak6DLKHtpR6TEEnmcorKA,The Vaccines,58,"['indie rock', 'modern alternative rock', 'modern rock', 'rock']","['0vW8z9pZMGCcRtGPGtyqiB', '3M0H4efyA5YcijrKlaKbYn', '7FPkZue0zzjHaOPJb4WCw3', '09K1H1DgyIXHsMx2j7KTFX', '51Eq6WMVEOjjx9KQMAnneG', '1NfJU4hy56Z4UM4iyIa1B2', '1fy3AQc7grjf5LnCd7snSg', '3pTE9iaJTkWns3mxpNQlJV', '4fSPtBgFPZzygkY6MehwQ7', '3Rsr4Z96O6U3lToOiV3zBh', '34nBPbcVc9F9eizQC4a5aT', '048FBwXjFYBWxSggPDipic', '1ctkBmvz80MGyi72Ix055S', '2Z7UcsdweVlRbAk5wH5fsf', '6ssXMmc5EOUrauZxirM910', '450iujbtN6XgiA9pv6fVZz', '0Ya43ZKWHTKkAbkoJJkwIB', '01ZP85CNi7Y9t1e0one46k', '4fgXfJCQnK6c44u4KzAtQP', '1HOeqtP7tHkKNJNLzQ2tnr']","['The Maccabees', 'Miles Kane', 'The Pigeon Detectives', 'Mystery Jets', 'The Cribs', 'Courteeners', 'The View', 'Bombay Bicycle Club', 'The Libertines', 'Jamie T', 'Spector', 'Maximo Park', 'Alex Turner', 'The Last Shadow Puppets', 'White Lies', 'Razorlight', 'The Wombats', 'The Enemy', 'Sundara Karma', 'Everything Everything']"
09K1H1DgyIXHsMx2j7KTFX,Mystery Jets,46,"['alternative dance', 'indie rock', 'modern rock', 'new rave']","['0vW8z9pZMGCcRtGPGtyqiB', '51Eq6WMVEOjjx9KQMAnneG', '1SBU4DvQapOFCnxMzENUkp', '3pTE9iaJTkWns3mxpNQlJV', '7FPkZue0zzjHaOPJb4WCw3', '3TBfn8PtXr42OrTPaoC3E8', '3Rsr4Z96O6U3lToOiV3zBh', '7mDQwcnDUGuSoggxbUtVc1', '35YNL4wwv11ZkmeWWL51y7', '1VyVjE6tvQiM8T8a3WcYQd', '048FBwXjFYBWxSggPDipic', '4kYNTq3njMHBcnv8Di0v0Y', '7cfhZmKaLWzNLwHDxzugUH', '3Sr1muUE6DYihFufoHpnfc', '1HOeqtP7tHkKNJNLzQ2tnr', '1fy3AQc7grjf5LnCd7snSg', '1KlihEB7FggW8e9cMbPXAz', '4fSPtBgFPZzygkY6MehwQ7', '0In4Vd9eYtg6VMNlX9mngU', '3MM8mtgFzaEJsqbjZBSsHJ']","['The Maccabees', 'The Cribs', 'Good Shoes', 'Bombay Bicycle Club', 'The Pigeon Detectives', 'The Futureheads', 'Jamie T', 'The Rakes', 'We Are Scientists', 'Jack Peñate', 'Maximo Park', 'Young Knives', 'Little Comets', 'The Rifles', 'Everything Everything', 'The View', 'Milburn', 'The Libertines', 'Cajun Dance Party', 'Bloc Party']"
6hl5k4gLl1p3sjhHcb57t2,Circa Waves,55,"['britpop revival', 'english indie rock', 'indie surf', 'liverpool indie', 'modern alternative rock', 'modern rock', 'rock']","['4fgXfJCQnK6c44u4KzAtQP', '7jZycSvTyx0W9poD4PjEIG', '22RISwgVJyZu9lpqAcv1F5', '7DruTvBV7owt1aSAZHsU58', '45FqwUG4hTT6d39r2HUsUe', '1ShwUjKIwQRaUJij7jgRhp', '4hfrzKkUsrb3Cz209SKxbo', '3E3NOIlw2s1ZPU9GRB9jaq', '52pNByiBWx6SVMMqqcCA74', '6hWReUQlQwLTYlmZ1vltRB', '7MkyChCSbNBozQ6jq79lop', '5CMAV0Fr8uS2YqlR1ZG5lA', '7243txmysJ4KbRmH8UAMKO', '0vnJ2wR879kbb5MuzblVOb', '4Xxkt0tSJr1uNxGDZcJLRc', '3uhfMjcE5HJqMIWh3Iolw0', '6zlR5ttMfMNmwf2lecU9Cc', '4AzAfQNuAyKOFG4DZMsdAo', '4SrofCfzlhtiKRAsMfBxV4', '7cpCnhhBIU1gA7EhTFApN1']","['Sundara Karma', 'The Hunna', 'Blossoms', 'Viola Beach', 'Sea Girls', 'The Night Café', 'Ten Tonnes', 'JAWS', 'The Magic Gang', 'King No-One', 'Marsicans', 'High Tyde', 'The Amazons', 'Clean Cut Kid', 'VANT', 'The Pale White', 'Sam Fender', 'The Snuts', 'The Sherlocks', 'Gerry Cinnamon']"
6e9wIFWhBPHLE9bXK8gtBI,Editors,56,"['alternative dance', 'britpop', 'indie rock', 'modern rock', 'rock']","['6ssXMmc5EOUrauZxirM910', '14Gi3Uph96lpNB3utkoVAD', '0LbLWjaweRbO4FDKYlbfNt', '7DEseTqRODmSu3C7jxCHl5', '35YNL4wwv11ZkmeWWL51y7', '048FBwXjFYBWxSggPDipic', '3MM8mtgFzaEJsqbjZBSsHJ', '7M6zxq59QM0CMvvYprtzOZ', '450iujbtN6XgiA9pv6fVZz', '2bcrMsFlF632EQ6VZERWFu', '2qlAMLpUyBjZgnzuFXXZXI', '0G8zjE6SsFTlbglCkU8pm3', '3WaJSfKnzc65VDgmj2zU8B', '0LVrQUinPUBFvVD5pLqmWY', '0vW8z9pZMGCcRtGPGtyqiB', '01ZP85CNi7Y9t1e0one46k', '4BntNFyiN3VGG4hhRRZt9d', '7mDQwcnDUGuSoggxbUtVc1', '7FPkZue0zzjHaOPJb4WCw3', '11wRdbnoYqRddKBrpHt4Ue']","['White Lies', 'Hard-FI', 'Kaiser Chiefs', 'The Boxer Rebellion', 'We Are Scientists', 'Maximo Park', 'Bloc Party', 'The Cinematics', 'Razorlight', 'The Bravery', 'Klaxons', 'Starsailor', 'Interpol', 'Doves', 'The Maccabees', 'The Enemy', 'The Subways', 'The Rakes', 'The Pigeon Detectives', 'Kasabian']"
048FBwXjFYBWxSggPDipic,Maximo Park,49,"['alternative dance', 'britpop', 'indie rock', 'modern rock', 'new rave', 'newcastle indie', 'rock']","['7FPkZue0zzjHaOPJb4WCw3', '7mDQwcnDUGuSoggxbUtVc1', '01ZP85CNi7Y9t1e0one46k', '3TBfn8PtXr42OrTPaoC3E8', '35YNL4wwv11ZkmeWWL51y7', '3Sr1muUE6DYihFufoHpnfc', '1fy3AQc7grjf5LnCd7snSg', '6fHETUBbKmdmgybtFOFQuc', '51Eq6WMVEOjjx9KQMAnneG', '450iujbtN6XgiA9pv6fVZz', '14Gi3Uph96lpNB3utkoVAD', '4BntNFyiN3VGG4hhRRZt9d', '0vW8z9pZMGCcRtGPGtyqiB', '0LbLWjaweRbO4FDKYlbfNt', '1KlihEB7FggW8e9cMbPXAz', '1SBU4DvQapOFCnxMzENUkp', '2qV7axHq9Jk7QqFcB3f05A', '3MM8mtgFzaEJsqbjZBSsHJ', '6e9wIFWhBPHLE9bXK8gtBI', '0IBAqjHG8DSaD7PPCGnGiZ']","['The Pigeon Detectives', 'The Rakes', 'The Enemy', 'The Futureheads', 'We Are Scientists', 'The Rifles', 'The View', 'Dirty Pretty Things', 'The Cribs', 'Razorlight', 'Hard-FI', 'The Subways', 'The Maccabees', 'Kaiser Chiefs', 'Milburn', 'Good Shoes', 'The Zutons', 'Bloc Party', 'Editors', 'Babyshambles']"
3Rsr4Z96O6U3lToOiV3zBh,Jamie T,59,"['indie rock', 'modern rock', 'rock']","['0vW8z9pZMGCcRtGPGtyqiB', '7FPkZue0zzjHaOPJb4WCw3', '51Eq6WMVEOjjx9KQMAnneG', '1fy3AQc7grjf5LnCd7snSg', '01ZP85CNi7Y9t1e0one46k', '1NfJU4hy56Z4UM4iyIa1B2', '09K1H1DgyIXHsMx2j7KTFX', '19t4krGrwyr10giUMdv8BK', '1KlihEB7FggW8e9cMbPXAz', '450iujbtN6XgiA9pv6fVZz', '3Sr1muUE6DYihFufoHpnfc', '048FBwXjFYBWxSggPDipic', '14GEKKALFIO2oB9IdGXg2e', '1VyVjE6tvQiM8T8a3WcYQd', '4fSPtBgFPZzygkY6MehwQ7', '721LNYldlmaLlKi0IQ5ClK', '6OiHleP2bHM18dXq4aZQWt', '3pTE9iaJTkWns3mxpNQlJV', '3TBfn8PtXr42OrTPaoC3E8', '14Gi3Uph96lpNB3utkoVAD']","['The Maccabees', 'The Pigeon Detectives', 'The Cribs', 'The View', 'The Enemy', 'Courteeners', 'Mystery Jets', 'The Twang', 'Milburn', 'Razorlight', 'The Rifles', 'Maximo Park', 'Reverend And The Makers', 'Jack Peñate', 'The Libertines', 'Little Man Tate', 'The Coral', 'Bombay Bicycle Club', 'The Futureheads', 'Hard-FI']"
6zlR5ttMfMNmwf2lecU9Cc,Sam Fender,70,"['modern rock', 'north east england indie']","['7DruTvBV7owt1aSAZHsU58', '22RISwgVJyZu9lpqAcv1F5', '1ShwUjKIwQRaUJij7jgRhp', '5YA1c6yVkPnflTLMfOgjzc', '4fgXfJCQnK6c44u4KzAtQP', '7jZycSvTyx0W9poD4PjEIG', '45FqwUG4hTT6d39r2HUsUe', '52pNByiBWx6SVMMqqcCA74', '4hfrzKkUsrb3Cz209SKxbo', '7cpCnhhBIU1gA7EhTFApN1', '4AzAfQNuAyKOFG4DZMsdAo', '7243txmysJ4KbRmH8UAMKO', '04JIxSs2P0iteVWtaskfeh', '6hl5k4gLl1p3sjhHcb57t2', '5SHxzwjek1Pipl1Yk11UHv', '6lyMYewq2SuTFIXgiv7OxH', '4SrofCfzlhtiKRAsMfBxV4', '1eIoJGCu3rShrRm2wfOhN8', '2xaAOVImG2O6lURwqperlD', '3btzEQD6sugImIHPMRgkwV']","['Viola Beach', 'Blossoms', 'The Night Café', 'Vistas', 'Sundara Karma', 'The Hunna', 'Sea Girls', 'The Magic Gang', 'Ten Tonnes', 'Gerry Cinnamon', 'The Snuts', 'The Amazons', 'Sports Team', 'Circa Waves', 'Tom Grennan', 'Inhaler', 'The Sherlocks', 'Saint Raymond', 'Catfish and the Bottlemen', 'Wolf Alice']"
52pNByiBWx6SVMMqqcCA74,The Magic Gang,42,"['brighton indie', 'english indie rock', 'modern alternative rock', 'modern rock']","['3E3NOIlw2s1ZPU9GRB9jaq', '4fgXfJCQnK6c44u4KzAtQP', '7MkyChCSbNBozQ6jq79lop', '0vnJ2wR879kbb5MuzblVOb', '22RISwgVJyZu9lpqAcv1F5', '4hfrzKkUsrb3Cz209SKxbo', '7DruTvBV7owt1aSAZHsU58', '5CMAV0Fr8uS2YqlR1ZG5lA', '45FqwUG4hTT6d39r2HUsUe', '6hWReUQlQwLTYlmZ1vltRB', '0hSgRl2U8kSaJLE2Di325f', '1ShwUjKIwQRaUJij7jgRhp', '04JIxSs2P0iteVWtaskfeh', '7jZycSvTyx0W9poD4PjEIG', '6hl5k4gLl1p3sjhHcb57t2', '79RmzX8i9w6YwqJjg3O1MY', '0ZSjRETud0Y3BZ3aLNKzAz', '4Xxkt0tSJr1uNxGDZcJLRc', '5kkANnP50OoBkxc8JRuTsA', '6jCJXKWlZky694nYGcJlm1']","['JAWS', 'Sundara Karma', 'Marsicans', 'Clean Cut Kid', 'Blossoms', 'Ten Tonnes', 'Viola Beach', 'High Tyde', 'Sea Girls', 'King No-One', 'Bad Sounds', 'The Night Café', 'Sports Team', 'The Hunna', 'Circa Waves', 'Blaenavon', 'Superfood', 'VANT', 'Spring King', 'CHILDCARE']"
4hfrzKkUsrb3Cz209SKxbo,Ten Tonnes,36,"['english indie rock', 'modern alternative rock', 'modern rock']","['7DruTvBV7owt1aSAZHsU58', '7MkyChCSbNBozQ6jq79lop', '45FqwUG4hTT6d39r2HUsUe', '4fgXfJCQnK6c44u4KzAtQP', '52pNByiBWx6SVMMqqcCA74', '1ShwUjKIwQRaUJij7jgRhp', '22RISwgVJyZu9lpqAcv1F5', '6hWReUQlQwLTYlmZ1vltRB', '4Xxkt0tSJr1uNxGDZcJLRc', '3E3NOIlw2s1ZPU9GRB9jaq', '5CMAV0Fr8uS2YqlR1ZG5lA', '0vnJ2wR879kbb5MuzblVOb', '7jZycSvTyx0W9poD4PjEIG', '3uhfMjcE5HJqMIWh3Iolw0', '3VRqGLyj4cnRers46I0Yk4', '0hSgRl2U8kSaJLE2Di325f', '6hl5k4gLl1p3sjhHcb57t2', '7243txmysJ4KbRmH8UAMKO', '5YA1c6yVkPnflTLMfOgjzc', '04JIxSs2P0iteVWtaskfeh']","['Viola Beach', 'Marsicans', 'Sea Girls', 'Sundara Karma', 'The Magic Gang', 'The Night Café', 'Blossoms', 'King No-One', 'VANT', 'JAWS', 'High Tyde', 'Clean Cut Kid', 'The Hunna', 'The Pale White', 'SPINN', 'Bad Sounds', 'Circa Waves', 'The Amazons', 'Vistas', 'Sports Team']"
7jZycSvTyx0W9poD4PjEIG,The Hunna,54,"['modern alternative rock', 'modern rock', 'rock', 'uk pop']","['4fgXfJCQnK6c44u4KzAtQP', '7DruTvBV7owt1aSAZHsU58', '1ShwUjKIwQRaUJij7jgRhp', '45FqwUG4hTT6d39r2HUsUe', '6hWReUQlQwLTYlmZ1vltRB', '22RISwgVJyZu9lpqAcv1F5', '5CMAV0Fr8uS2YqlR1ZG5lA', '4hfrzKkUsrb3Cz209SKxbo', '6hl5k4gLl1p3sjhHcb57t2', '52pNByiBWx6SVMMqqcCA74', '3E3NOIlw2s1ZPU9GRB9jaq', '7MkyChCSbNBozQ6jq79lop', '4Xxkt0tSJr1uNxGDZcJLRc', '6yY9g2nwqyduN2RpxRHWdy', '7cpCnhhBIU1gA7EhTFApN1', '0vnJ2wR879kbb5MuzblVOb', '7243txmysJ4KbRmH8UAMKO', '3uhfMjcE5HJqMIWh3Iolw0', '6zlR5ttMfMNmwf2lecU9Cc', '4AzAfQNuAyKOFG4DZMsdAo']","['Sundara Karma', 'Viola Beach', 'The Night Café', 'Sea Girls', 'King No-One', 'Blossoms', 'High Tyde', 'Ten Tonnes', 'Circa Waves', 'The Magic Gang', 'JAWS', 'Marsicans', 'VANT', 'Sunset Sons', 'Gerry Cinnamon', 'Clean Cut Kid', 'The Amazons', 'The Pale White', 'Sam Fender', 'The Snuts']"
3E3NOIlw2s1ZPU9GRB9jaq,JAWS,34,"['birmingham indie', 'english indie rock', 'modern alternative rock', 'modern rock']","['4fgXfJCQnK6c44u4KzAtQP', '5CMAV0Fr8uS2YqlR1ZG5lA', '52pNByiBWx6SVMMqqcCA74', '1ShwUjKIwQRaUJij7jgRhp', '6hWReUQlQwLTYlmZ1vltRB', '22RISwgVJyZu9lpqAcv1F5', '4hfrzKkUsrb3Cz209SKxbo', '7MkyChCSbNBozQ6jq79lop', '7DruTvBV7owt1aSAZHsU58', '0vnJ2wR879kbb5MuzblVOb', '79RmzX8i9w6YwqJjg3O1MY', '7jZycSvTyx0W9poD4PjEIG', '0ZSjRETud0Y3BZ3aLNKzAz', '0hSgRl2U8kSaJLE2Di325f', '2ATweaQe83QUQVjM8LMh7J', '4Xxkt0tSJr1uNxGDZcJLRc', '6hl5k4gLl1p3sjhHcb57t2', '45FqwUG4hTT6d39r2HUsUe', '5kkANnP50OoBkxc8JRuTsA', '7243txmysJ4KbRmH8UAMKO']","['Sundara Karma', 'High Tyde', 'The Magic Gang', 'The Night Café', 'King No-One', 'Blossoms', 'Ten Tonnes', 'Marsicans', 'Viola Beach', 'Clean Cut Kid', 'Blaenavon', 'The Hunna', 'Superfood', 'Bad Sounds', 'Gengahr', 'VANT', 'Circa Waves', 'Sea Girls', 'Spring King', 'The Amazons']"
7MkyChCSbNBozQ6jq79lop,Marsicans,29,"['english indie rock', 'leeds indie']","['5CMAV0Fr8uS2YqlR1ZG5lA', '4hfrzKkUsrb3Cz209SKxbo', '6hWReUQlQwLTYlmZ1vltRB', '45FqwUG4hTT6d39r2HUsUe', '52pNByiBWx6SVMMqqcCA74', '4fgXfJCQnK6c44u4KzAtQP', '3E3NOIlw2s1ZPU9GRB9jaq', '7DruTvBV7owt1aSAZHsU58', '22RISwgVJyZu9lpqAcv1F5', '1ShwUjKIwQRaUJij7jgRhp', '0vnJ2wR879kbb5MuzblVOb', '4Xxkt0tSJr1uNxGDZcJLRc', '3VRqGLyj4cnRers46I0Yk4', '3uhfMjcE5HJqMIWh3Iolw0', '7jZycSvTyx0W9poD4PjEIG', '6jCJXKWlZky694nYGcJlm1', '6hl5k4gLl1p3sjhHcb57t2', '4zoylbX2qRvtWbVq0nduGG', '0hSgRl2U8kSaJLE2Di325f', '4GxGE6FCYDdHtcDzRL7TYh']","['High Tyde', 'Ten Tonnes', 'King No-One', 'Sea Girls', 'The Magic Gang', 'Sundara Karma', 'JAWS', 'Viola Beach', 'Blossoms', 'The Night Café', 'Clean Cut Kid', 'VANT', 'SPINN', 'The Pale White', 'The Hunna', 'CHILDCARE', 'Circa Waves', 'Glass Caves', 'Bad Sounds', 'Luna Bay']"
7cpCnhhBIU1gA7EhTFApN1,Gerry Cinnamon,62,"['glasgow indie', 'modern rock', 'scottish indie rock']","['7DruTvBV7owt1aSAZHsU58', '22RISwgVJyZu9lpqAcv1F5', '7jZycSvTyx0W9poD4PjEIG', '45FqwUG4hTT6d39r2HUsUe', '1ShwUjKIwQRaUJij7jgRhp', '4fgXfJCQnK6c44u4KzAtQP', '6zlR5ttMfMNmwf2lecU9Cc', '4AzAfQNuAyKOFG4DZMsdAo', '5YA1c6yVkPnflTLMfOgjzc', '6hl5k4gLl1p3sjhHcb57t2', '4hfrzKkUsrb3Cz209SKxbo', '52pNByiBWx6SVMMqqcCA74', '4SrofCfzlhtiKRAsMfBxV4', '1NfJU4hy56Z4UM4iyIa1B2', '7243txmysJ4KbRmH8UAMKO', '3Rsr4Z96O6U3lToOiV3zBh', '1fy3AQc7grjf5LnCd7snSg', '1iUTUix5kea176M0uJTsh4', '7FPkZue0zzjHaOPJb4WCw3', '2xaAOVImG2O6lURwqperlD']","['Viola Beach', 'Blossoms', 'The Hunna', 'Sea Girls', 'The Night Café', 'Sundara Karma', 'Sam Fender', 'The Snuts', 'Vistas', 'Circa Waves', 'Ten Tonnes', 'The Magic Gang', 'The Sherlocks', 'Courteeners', 'The Amazons', 'Jamie T', 'The View', ""DMA'S"", 'The Pigeon Detectives', 'Catfish and the Bottlemen']"
6hWReUQlQwLTYlmZ1vltRB,King No-One,33,"['english indie rock', 'modern alternative rock', 'modern rock', 'york indie']","['5CMAV0Fr8uS2YqlR1ZG5lA', '4Xxkt0tSJr1uNxGDZcJLRc', '4fgXfJCQnK6c44u4KzAtQP', '7MkyChCSbNBozQ6jq79lop', '3E3NOIlw2s1ZPU9GRB9jaq', '7jZycSvTyx0W9poD4PjEIG', '0vnJ2wR879kbb5MuzblVOb', '1ShwUjKIwQRaUJij7jgRhp', '52pNByiBWx6SVMMqqcCA74', '4hfrzKkUsrb3Cz209SKxbo', '7DruTvBV7owt1aSAZHsU58', '4zoylbX2qRvtWbVq0nduGG', '6jCJXKWlZky694nYGcJlm1', '0FHPAcPoHtExxmF68aEChO', '22RISwgVJyZu9lpqAcv1F5', '45FqwUG4hTT6d39r2HUsUe', '3uhfMjcE5HJqMIWh3Iolw0', '79RmzX8i9w6YwqJjg3O1MY', '6hl5k4gLl1p3sjhHcb57t2', '7243txmysJ4KbRmH8UAMKO']","['High Tyde', 'VANT', 'Sundara Karma', 'Marsicans', 'JAWS', 'The Hunna', 'Clean Cut Kid', 'The Night Café', 'The Magic Gang', 'Ten Tonnes', 'Viola Beach', 'Glass Caves', 'CHILDCARE', 'King Nun', 'Blossoms', 'Sea Girls', 'The Pale White', 'Blaenavon', 'Circa Waves', 'The Amazons']"
5CMAV0Fr8uS2YqlR1ZG5lA,High Tyde,27,"['brighton indie', 'english indie rock']","['6hWReUQlQwLTYlmZ1vltRB', '7MkyChCSbNBozQ6jq79lop', '3E3NOIlw2s1ZPU9GRB9jaq', '4Xxkt0tSJr1uNxGDZcJLRc', '4fgXfJCQnK6c44u4KzAtQP', '1ShwUjKIwQRaUJij7jgRhp', '6jCJXKWlZky694nYGcJlm1', '52pNByiBWx6SVMMqqcCA74', '7jZycSvTyx0W9poD4PjEIG', '4hfrzKkUsrb3Cz209SKxbo', '22RISwgVJyZu9lpqAcv1F5', '7DruTvBV7owt1aSAZHsU58', '4zoylbX2qRvtWbVq0nduGG', '0vnJ2wR879kbb5MuzblVOb', '45FqwUG4hTT6d39r2HUsUe', '0FHPAcPoHtExxmF68aEChO', '6yY9g2nwqyduN2RpxRHWdy', '6hl5k4gLl1p3sjhHcb57t2', '79RmzX8i9w6YwqJjg3O1MY', '3uhfMjcE5HJqMIWh3Iolw0']","['King No-One', 'Marsicans', 'JAWS', 'VANT', 'Sundara Karma', 'The Night Café', 'CHILDCARE', 'The Magic Gang', 'The Hunna', 'Ten Tonnes', 'Blossoms', 'Viola Beach', 'Glass Caves', 'Clean Cut Kid', 'Sea Girls', 'King Nun', 'Sunset Sons', 'Circa Waves', 'Blaenavon', 'The Pale White']"
5YA1c6yVkPnflTLMfOgjzc,Vistas,50,"['edinburgh indie', 'modern alternative rock', 'modern rock', 'scottish indie rock', 'uk pop']","['1ShwUjKIwQRaUJij7jgRhp', '04JIxSs2P0iteVWtaskfeh', '45FqwUG4hTT6d39r2HUsUe', '4hfrzKkUsrb3Cz209SKxbo', '0hSgRl2U8kSaJLE2Di325f', '16oEz0ihXl8elwxOS0YMNF', '3VRqGLyj4cnRers46I0Yk4', '6zlR5ttMfMNmwf2lecU9Cc', '52pNByiBWx6SVMMqqcCA74', '0vnJ2wR879kbb5MuzblVOb', '7DruTvBV7owt1aSAZHsU58', '7MkyChCSbNBozQ6jq79lop', '22RISwgVJyZu9lpqAcv1F5', '7jZycSvTyx0W9poD4PjEIG', '6lyMYewq2SuTFIXgiv7OxH', '4fgXfJCQnK6c44u4KzAtQP', '5CMAV0Fr8uS2YqlR1ZG5lA', '3uhfMjcE5HJqMIWh3Iolw0', '6hWReUQlQwLTYlmZ1vltRB', '7243txmysJ4KbRmH8UAMKO']","['The Night Café', 'Sports Team', 'Sea Girls', 'Ten Tonnes', 'Bad Sounds', 'APRE', 'SPINN', 'Sam Fender', 'The Magic Gang', 'Clean Cut Kid', 'Viola Beach', 'Marsicans', 'Blossoms', 'The Hunna', 'Inhaler', 'Sundara Karma', 'High Tyde', 'The Pale White', 'King No-One', 'The Amazons']"
04JIxSs2P0iteVWtaskfeh,Sports Team,43,"['english indie rock', 'modern alternative rock', 'modern rock']","['52pNByiBWx6SVMMqqcCA74', '5YA1c6yVkPnflTLMfOgjzc', '4hfrzKkUsrb3Cz209SKxbo', '0hSgRl2U8kSaJLE2Di325f', '1ShwUjKIwQRaUJij7jgRhp', '0KU55rzxAihPhi27MAuz9O', '7MkyChCSbNBozQ6jq79lop', '3VRqGLyj4cnRers46I0Yk4', '1ukEEwzjucRtFTxiw2DrDZ', '3uhfMjcE5HJqMIWh3Iolw0', '45FqwUG4hTT6d39r2HUsUe', '4fgXfJCQnK6c44u4KzAtQP', '7DruTvBV7owt1aSAZHsU58', '6zWJfH1TTmIqEi7EV35HGr', '3Z8Y3Ek99rukRa1Hdo14GE', '2DaP4uXwKOXAaD77XokW9a', '3E3NOIlw2s1ZPU9GRB9jaq', '22RISwgVJyZu9lpqAcv1F5', '0vnJ2wR879kbb5MuzblVOb', '1xVcjJ5YsYOClO2Unt3Rm8']","['The Magic Gang', 'Vistas', 'Ten Tonnes', 'Bad Sounds', 'The Night Café', 'The Big Moon', 'Marsicans', 'SPINN', 'Goat Girl', 'The Pale White', 'Sea Girls', 'Sundara Karma', 'Viola Beach', 'Pip Blom', 'The Blinders', 'Dream Wife', 'JAWS', 'Blossoms', 'Clean Cut Kid', 'Sunflower Bean']"
4AzAfQNuAyKOFG4DZMsdAo,The Snuts,52,"['britpop revival', 'modern alternative rock', 'modern rock', 'rock', 'scottish indie rock']","['7DruTvBV7owt1aSAZHsU58', '4hfrzKkUsrb3Cz209SKxbo', '7jZycSvTyx0W9poD4PjEIG', '4fgXfJCQnK6c44u4KzAtQP', '22RISwgVJyZu9lpqAcv1F5', '7cpCnhhBIU1gA7EhTFApN1', '45FqwUG4hTT6d39r2HUsUe', '6zlR5ttMfMNmwf2lecU9Cc', '52pNByiBWx6SVMMqqcCA74', '7243txmysJ4KbRmH8UAMKO', '6hl5k4gLl1p3sjhHcb57t2', '6lyMYewq2SuTFIXgiv7OxH', '4wYzzR0lpEub1gUU8bbBTw', '1ShwUjKIwQRaUJij7jgRhp', '7MkyChCSbNBozQ6jq79lop', '3uhfMjcE5HJqMIWh3Iolw0', '4SrofCfzlhtiKRAsMfBxV4', '6gMszKxr1k1uPoAbeXZJpt', '5YA1c6yVkPnflTLMfOgjzc', '1NfJU4hy56Z4UM4iyIa1B2']","['Viola Beach', 'Ten Tonnes', 'The Hunna', 'Sundara Karma', 'Blossoms', 'Gerry Cinnamon', 'Sea Girls', 'Sam Fender', 'The Magic Gang', 'The Amazons', 'Circa Waves', 'Inhaler', 'BLOXX', 'The Night Café', 'Marsicans', 'The Pale White', 'The Sherlocks', 'Kyle Falconer', 'Vistas', 'Courteeners']"
0vnJ2wR879kbb5MuzblVOb,Clean Cut Kid,36,"['english indie rock', 'liverpool indie']","['52pNByiBWx6SVMMqqcCA74', '6hWReUQlQwLTYlmZ1vltRB', '4fgXfJCQnK6c44u4KzAtQP', '6jCJXKWlZky694nYGcJlm1', '3E3NOIlw2s1ZPU9GRB9jaq', '1ShwUjKIwQRaUJij7jgRhp', '7MkyChCSbNBozQ6jq79lop', '4hfrzKkUsrb3Cz209SKxbo', '5CMAV0Fr8uS2YqlR1ZG5lA', '7DruTvBV7owt1aSAZHsU58', '7jZycSvTyx0W9poD4PjEIG', '4Xxkt0tSJr1uNxGDZcJLRc', '45FqwUG4hTT6d39r2HUsUe', '22RISwgVJyZu9lpqAcv1F5', '3VRqGLyj4cnRers46I0Yk4', '79RmzX8i9w6YwqJjg3O1MY', '4zoylbX2qRvtWbVq0nduGG', '04JIxSs2P0iteVWtaskfeh', '5YA1c6yVkPnflTLMfOgjzc', '6hl5k4gLl1p3sjhHcb57t2']","['The Magic Gang', 'King No-One', 'Sundara Karma', 'CHILDCARE', 'JAWS', 'The Night Café', 'Marsicans', 'Ten Tonnes', 'High Tyde', 'Viola Beach', 'The Hunna', 'VANT', 'Sea Girls', 'Blossoms', 'SPINN', 'Blaenavon', 'Glass Caves', 'Sports Team', 'Vistas', 'Circa Waves']"
4SrofCfzlhtiKRAsMfBxV4,The Sherlocks,39,"['english indie rock', 'modern alternative rock', 'modern rock', 'sheffield indie']","['6hWReUQlQwLTYlmZ1vltRB', '4fgXfJCQnK6c44u4KzAtQP', '7jZycSvTyx0W9poD4PjEIG', '7DruTvBV7owt1aSAZHsU58', '4hfrzKkUsrb3Cz209SKxbo', '1ShwUjKIwQRaUJij7jgRhp', '3E3NOIlw2s1ZPU9GRB9jaq', '5CMAV0Fr8uS2YqlR1ZG5lA', '22RISwgVJyZu9lpqAcv1F5', '52pNByiBWx6SVMMqqcCA74', '45FqwUG4hTT6d39r2HUsUe', '7MkyChCSbNBozQ6jq79lop', '0vnJ2wR879kbb5MuzblVOb', '6hl5k4gLl1p3sjhHcb57t2', '4Xxkt0tSJr1uNxGDZcJLRc', '7243txmysJ4KbRmH8UAMKO', '7cpCnhhBIU1gA7EhTFApN1', '3uhfMjcE5HJqMIWh3Iolw0', '5YA1c6yVkPnflTLMfOgjzc', '4zoylbX2qRvtWbVq0nduGG']","['King No-One', 'Sundara Karma', 'The Hunna', 'Viola Beach', 'Ten Tonnes', 'The Night Café', 'JAWS', 'High Tyde', 'Blossoms', 'The Magic Gang', 'Sea Girls', 'Marsicans', 'Clean Cut Kid', 'Circa Waves', 'VANT', 'The Amazons', 'Gerry Cinnamon', 'The Pale White', 'Vistas', 'Glass Caves']"
0hSgRl2U8kSaJLE2Di325f,Bad Sounds,43,['english indie rock'],"['52pNByiBWx6SVMMqqcCA74', '4hfrzKkUsrb3Cz209SKxbo', '3E3NOIlw2s1ZPU9GRB9jaq', '2ATweaQe83QUQVjM8LMh7J', '3VRqGLyj4cnRers46I0Yk4', '45FqwUG4hTT6d39r2HUsUe', '79RmzX8i9w6YwqJjg3O1MY', '5YA1c6yVkPnflTLMfOgjzc', '04JIxSs2P0iteVWtaskfeh', '0ZSjRETud0Y3BZ3aLNKzAz', '7MkyChCSbNBozQ6jq79lop', '6hWReUQlQwLTYlmZ1vltRB', '16oEz0ihXl8elwxOS0YMNF', '7DruTvBV7owt1aSAZHsU58', '0vnJ2wR879kbb5MuzblVOb', '5CMAV0Fr8uS2YqlR1ZG5lA', '1ShwUjKIwQRaUJij7jgRhp', '6jCJXKWlZky694nYGcJlm1', '4fgXfJCQnK6c44u4KzAtQP', '4Xxkt0tSJr1uNxGDZcJLRc']","['The Magic Gang', 'Ten Tonnes', 'JAWS', 'Gengahr', 'SPINN', 'Sea Girls', 'Blaenavon', 'Vistas', 'Sports Team', 'Superfood', 'Marsicans', 'King No-One', 'APRE', 'Viola Beach', 'Clean Cut Kid', 'High Tyde', 'The Night Café', 'CHILDCARE', 'Sundara Karma', 'VANT']"
3uhfMjcE5HJqMIWh3Iolw0,The Pale White,40,"['english indie rock', 'modern alternative rock', 'modern rock', 'newcastle indie', 'rock']","['4hfrzKkUsrb3Cz209SKxbo', '6DaXEbr3LdLNcui8pZf6AF', '7MkyChCSbNBozQ6jq79lop', '0FHPAcPoHtExxmF68aEChO', '6hWReUQlQwLTYlmZ1vltRB', '4Xxkt0tSJr1uNxGDZcJLRc', '7243txmysJ4KbRmH8UAMKO', '5CMAV0Fr8uS2YqlR1ZG5lA', '1ShwUjKIwQRaUJij7jgRhp', '5k8vZsGwQ2AlHNfsne055D', '04JIxSs2P0iteVWtaskfeh', '2oVmQT6s29pVIKpqJkyxBS', '4fgXfJCQnK6c44u4KzAtQP', '6FKokxvL5PCWIxrVhMyDgI', '4wYzzR0lpEub1gUU8bbBTw', '52pNByiBWx6SVMMqqcCA74', '45FqwUG4hTT6d39r2HUsUe', '7jZycSvTyx0W9poD4PjEIG', '3VRqGLyj4cnRers46I0Yk4', '3E3NOIlw2s1ZPU9GRB9jaq']","['Ten Tonnes', 'The Luka State', 'Marsicans', 'King Nun', 'King No-One', 'VANT', 'The Amazons', 'High Tyde', 'The Night Café', 'Twin Wild', 'Sports Team', 'Black Honey', 'Sundara Karma', 'Demob Happy', 'BLOXX', 'The Magic Gang', 'Sea Girls', 'The Hunna', 'SPINN', 'JAWS']"
3VRqGLyj4cnRers46I0Yk4,SPINN,31,"['english indie rock', 'liverpool indie']","['7MkyChCSbNBozQ6jq79lop', '4hfrzKkUsrb3Cz209SKxbo', '0hSgRl2U8kSaJLE2Di325f', '5YA1c6yVkPnflTLMfOgjzc', '0vnJ2wR879kbb5MuzblVOb', '04JIxSs2P0iteVWtaskfeh', '52pNByiBWx6SVMMqqcCA74', '45FqwUG4hTT6d39r2HUsUe', '6hWReUQlQwLTYlmZ1vltRB', '3uhfMjcE5HJqMIWh3Iolw0', '3E3NOIlw2s1ZPU9GRB9jaq', '7DruTvBV7owt1aSAZHsU58', '4GxGE6FCYDdHtcDzRL7TYh', '5CMAV0Fr8uS2YqlR1ZG5lA', '16oEz0ihXl8elwxOS0YMNF', '4wYzzR0lpEub1gUU8bbBTw', '1ShwUjKIwQRaUJij7jgRhp', '4fgXfJCQnK6c44u4KzAtQP', '22RISwgVJyZu9lpqAcv1F5', '79RmzX8i9w6YwqJjg3O1MY']","['Marsicans', 'Ten Tonnes', 'Bad Sounds', 'Vistas', 'Clean Cut Kid', 'Sports Team', 'The Magic Gang', 'Sea Girls', 'King No-One', 'The Pale White', 'JAWS', 'Viola Beach', 'Luna Bay', 'High Tyde', 'APRE', 'BLOXX', 'The Night Café', 'Sundara Karma', 'Blossoms', 'Blaenavon']"
35YNL4wwv11ZkmeWWL51y7,We Are Scientists,44,"['alternative dance', 'dance-punk', 'indie rock', 'modern rock', 'new rave']","['7FPkZue0zzjHaOPJb4WCw3', '3TBfn8PtXr42OrTPaoC3E8', '7mDQwcnDUGuSoggxbUtVc1', '2bcrMsFlF632EQ6VZERWFu', '51Eq6WMVEOjjx9KQMAnneG', '5UVftEhSsIg0kkXlmfhB6M', '3MM8mtgFzaEJsqbjZBSsHJ', '048FBwXjFYBWxSggPDipic', '4BntNFyiN3VGG4hhRRZt9d', '14Gi3Uph96lpNB3utkoVAD', '1SBU4DvQapOFCnxMzENUkp', '4kYNTq3njMHBcnv8Di0v0Y', '3Sr1muUE6DYihFufoHpnfc', '5qVBMUGPLZJlWqeLgKrs4U', '0LbLWjaweRbO4FDKYlbfNt', '0vW8z9pZMGCcRtGPGtyqiB', '7M6zxq59QM0CMvvYprtzOZ', '01ZP85CNi7Y9t1e0one46k', '3On7zXKjSRYhbsuUpLJ59k', '6fHETUBbKmdmgybtFOFQuc']","['The Pigeon Detectives', 'The Futureheads', 'The Rakes', 'The Bravery', 'The Cribs', 'Hot Hot Heat', 'Bloc Party', 'Maximo Park', 'The Subways', 'Hard-FI', 'Good Shoes', 'Young Knives', 'The Rifles', 'Boy Kill Boy', 'Kaiser Chiefs', 'The Maccabees', 'The Cinematics', 'The Enemy', 'The Sunshine Underground', 'Dirty Pretty Things']"
0LbLWjaweRbO4FDKYlbfNt,Kaiser Chiefs,60,"['alternative rock', 'modern rock', 'rock']","['7FPkZue0zzjHaOPJb4WCw3', '3M4ThdJR28z9eSMcQHAZ5G', '450iujbtN6XgiA9pv6fVZz', '01ZP85CNi7Y9t1e0one46k', '14Gi3Uph96lpNB3utkoVAD', '35YNL4wwv11ZkmeWWL51y7', '0XNa1vTidXlvJ2gHSsRi4A', '6fHETUBbKmdmgybtFOFQuc', '6e9wIFWhBPHLE9bXK8gtBI', '048FBwXjFYBWxSggPDipic', '4LlDtNr8qFwhrT8eL2wzH4', '11wRdbnoYqRddKBrpHt4Ue', '2qV7axHq9Jk7QqFcB3f05A', '4BntNFyiN3VGG4hhRRZt9d', '7vkiEK5D7Gf0z4M1Va0CXD', '4fSPtBgFPZzygkY6MehwQ7', '1fy3AQc7grjf5LnCd7snSg', '1NfJU4hy56Z4UM4iyIa1B2', '2bcrMsFlF632EQ6VZERWFu', '4DToQR3aKrHQSSRzSz8Nzt']","['The Pigeon Detectives', 'The Fratellis', 'Razorlight', 'The Enemy', 'Hard-FI', 'We Are Scientists', 'Franz Ferdinand', 'Dirty Pretty Things', 'Editors', 'Maximo Park', 'The Hoosiers', 'Kasabian', 'The Zutons', 'The Subways', 'The Vines', 'The Libertines', 'The View', 'Courteeners', 'The Bravery', 'The Hives']"
2bcrMsFlF632EQ6VZERWFu,The Bravery,53,"['alternative dance', 'alternative rock', 'dance-punk', 'indie rock', 'modern rock', 'new rave', 'rock']","['5UVftEhSsIg0kkXlmfhB6M', '35YNL4wwv11ZkmeWWL51y7', '7M6zxq59QM0CMvvYprtzOZ', '3hozsZ9hqNq7CoBGYNlFTz', '14Gi3Uph96lpNB3utkoVAD', '4BntNFyiN3VGG4hhRRZt9d', '7mDQwcnDUGuSoggxbUtVc1', '0LbLWjaweRbO4FDKYlbfNt', '3MM8mtgFzaEJsqbjZBSsHJ', '6ssXMmc5EOUrauZxirM910', '6e9wIFWhBPHLE9bXK8gtBI', '7vkiEK5D7Gf0z4M1Va0CXD', '2qlAMLpUyBjZgnzuFXXZXI', '3TBfn8PtXr42OrTPaoC3E8', '4DToQR3aKrHQSSRzSz8Nzt', '1Li0eIWeMeWcOOWpImcG9H', '048FBwXjFYBWxSggPDipic', '7FPkZue0zzjHaOPJb4WCw3', '0XNa1vTidXlvJ2gHSsRi4A', '7xovAENFxmyEWhzbnHsB3Z']","['Hot Hot Heat', 'We Are Scientists', 'The Cinematics', 'OK Go', 'Hard-FI', 'The Subways', 'The Rakes', 'Kaiser Chiefs', 'Bloc Party', 'White Lies', 'Editors', 'The Vines', 'Klaxons', 'The Futureheads', 'The Hives', 'Albert Hammond Jr', 'Maximo Park', 'The Pigeon Detectives', 'Franz Ferdinand', 'The Airborne Toxic Event']"
7M6zxq59QM0CMvvYprtzOZ,The Cinematics,29,"['new rave', 'scottish rock']","['5qVBMUGPLZJlWqeLgKrs4U', '7mDQwcnDUGuSoggxbUtVc1', '6e9wIFWhBPHLE9bXK8gtBI', '35YNL4wwv11ZkmeWWL51y7', '2bcrMsFlF632EQ6VZERWFu', '6B4ySihNgvhJnbQoCDHEFq', '3TBfn8PtXr42OrTPaoC3E8', '7DEseTqRODmSu3C7jxCHl5', '3On7zXKjSRYhbsuUpLJ59k', '3Sr1muUE6DYihFufoHpnfc', '4RlEYUI2Q5gKfDn1VwKQpK', '1Mov2BSxA5bgnxr6lkEoIl', '5UVftEhSsIg0kkXlmfhB6M', '6ssXMmc5EOUrauZxirM910', '4kYNTq3njMHBcnv8Di0v0Y', '6eqecgXkT3Ir853jaGfh87', '14Gi3Uph96lpNB3utkoVAD', '1SBU4DvQapOFCnxMzENUkp', '1bMXFpEQOR0zmAkMUgak8q', '3r6Sk3pYxdJk7MekhBGgMR']","['Boy Kill Boy', 'The Rakes', 'Editors', 'We Are Scientists', 'The Bravery', 'Elefant', 'The Futureheads', 'The Boxer Rebellion', 'The Sunshine Underground', 'The Rifles', 'Julian Plenti', 'Infadels', 'Hot Hot Heat', 'White Lies', 'Young Knives', 'stellastarr*', 'Hard-FI', 'Good Shoes', 'White Rose Movement', 'Blood Red Shoes']"
14Gi3Uph96lpNB3utkoVAD,Hard-FI,46,"['alternative dance', 'britpop', 'modern rock', 'new rave', 'rock']","['7FPkZue0zzjHaOPJb4WCw3', '01ZP85CNi7Y9t1e0one46k', '450iujbtN6XgiA9pv6fVZz', '35YNL4wwv11ZkmeWWL51y7', '2qV7axHq9Jk7QqFcB3f05A', '3Sr1muUE6DYihFufoHpnfc', '0LbLWjaweRbO4FDKYlbfNt', '048FBwXjFYBWxSggPDipic', '1fy3AQc7grjf5LnCd7snSg', '3TBfn8PtXr42OrTPaoC3E8', '14GEKKALFIO2oB9IdGXg2e', '6e9wIFWhBPHLE9bXK8gtBI', '1KlihEB7FggW8e9cMbPXAz', '51Eq6WMVEOjjx9KQMAnneG', '4BntNFyiN3VGG4hhRRZt9d', '7mDQwcnDUGuSoggxbUtVc1', '6fHETUBbKmdmgybtFOFQuc', '2xPxXPgmZFs7x6xRFpHwkq', '6OiHleP2bHM18dXq4aZQWt', '19t4krGrwyr10giUMdv8BK']","['The Pigeon Detectives', 'The Enemy', 'Razorlight', 'We Are Scientists', 'The Zutons', 'The Rifles', 'Kaiser Chiefs', 'Maximo Park', 'The View', 'The Futureheads', 'Reverend And The Makers', 'Editors', 'Milburn', 'The Cribs', 'The Subways', 'The Rakes', 'Dirty Pretty Things', 'The Ordinary Boys', 'The Coral', 'The Twang']"
7DEseTqRODmSu3C7jxCHl5,The Boxer Rebellion,43,['indie rock'],"['6e9wIFWhBPHLE9bXK8gtBI', '7M6zxq59QM0CMvvYprtzOZ', '1MDw0zSUU0XtI9D5JgEZH5', '6ssXMmc5EOUrauZxirM910', '0LVrQUinPUBFvVD5pLqmWY', '4IDoKaZIEacb3QncU8RQMp', '766wIvoqqGrjRDnExOjJls', '0TJB3EE2efClsYIDQ8V2Jk', '7xovAENFxmyEWhzbnHsB3Z', '6e6GkaF6uiSEFuTrlvDJUF', '0G8zjE6SsFTlbglCkU8pm3', '0vW8z9pZMGCcRtGPGtyqiB', '69Q7zvYHGcTWZpZlLbY2oU', '3gnrmLahFhVXRI9DA1MImH', '18Zv2g2vUcEGqJf6WnjfXN', '0NAPmlw3oOKJ3BD7qcjLdQ', '6C0JkmxU2cgkVzotHJgfW7', '5zhn89Em2jWUUWdpcLO3YL', '0p1LdP1XicX0UA5GNA2DWc', '3zsR0Nsw8G2KuzKSdmosPI']","['Editors', 'The Cinematics', 'The Veils', 'White Lies', 'Doves', 'I Am Kloot', 'Thirteen Senses', 'Elbow', 'The Airborne Toxic Event', 'The Twilight Sad', 'Starsailor', 'The Maccabees', 'Tired Pony', 'We Were Promised Jetpacks', 'Brandon Flowers', 'Delays', 'Athlete', 'Sea Power', 'Augustines', 'EL VY']"
18Zv2g2vUcEGqJf6WnjfXN,Brandon Flowers,51,['vegas indie'],"['0C0XlULifJtAgn6ZNCW2eu', '6ssXMmc5EOUrauZxirM910', '53A0W3U0s8diEn9RhXQhVz', '6e9wIFWhBPHLE9bXK8gtBI', '0V6iWD05yAOe1C3pJpbMbk', '0LbLWjaweRbO4FDKYlbfNt', '3rIZMv9rysU7JkLzEaC5Jp', '450iujbtN6XgiA9pv6fVZz', '2bcrMsFlF632EQ6VZERWFu', '4W48hZAnAHVOC2c8WH8pcq', '14Gi3Uph96lpNB3utkoVAD', '0XNa1vTidXlvJ2gHSsRi4A', '7DEseTqRODmSu3C7jxCHl5', '766wIvoqqGrjRDnExOjJls', '7xovAENFxmyEWhzbnHsB3Z', '35YNL4wwv11ZkmeWWL51y7', '3M4ThdJR28z9eSMcQHAZ5G', '2QLe6Hv3OunsyrNaTRDxQn', '1Li0eIWeMeWcOOWpImcG9H', '3bUwxJgNakzYKkqAVgZLlh']","['The Killers', 'White Lies', 'Keane', 'Editors', 'One Night Only', 'Kaiser Chiefs', 'Snow Patrol', 'Razorlight', 'The Bravery', 'The Temper Trap', 'Hard-FI', 'Franz Ferdinand', 'The Boxer Rebellion', 'Thirteen Senses', 'The Airborne Toxic Event', 'We Are Scientists', 'The Fratellis', 'Tom Chaplin', 'Albert Hammond Jr', 'Travis']"
3r6Sk3pYxdJk7MekhBGgMR,Blood Red Shoes,44,"['alternative dance', 'brighton indie', 'garage rock', 'indie rock', 'modern alternative rock', 'modern rock', 'new rave']","['3TBfn8PtXr42OrTPaoC3E8', '7mDQwcnDUGuSoggxbUtVc1', '5QPNEMldc8k1g5hT54PCWg', '4ddt8PPvmWrI9mJQy1VrIG', '5lModM3s3qlPQKYjtwWuXD', '4BntNFyiN3VGG4hhRRZt9d', '1SBU4DvQapOFCnxMzENUkp', '35YNL4wwv11ZkmeWWL51y7', '5BYuBzqmTXwUDw2rYkwExr', '1NsvfeRzexfHjhUGqWrULl', '4LdZNE5MHGqvc0N9ivXNF3', '6fHETUBbKmdmgybtFOFQuc', '18H0sAptzdwid08XGg1Lcj', '7M6zxq59QM0CMvvYprtzOZ', '4kYNTq3njMHBcnv8Di0v0Y', '60NKN6tZYKbkjX1qpFQIqF', '2qlAMLpUyBjZgnzuFXXZXI', '7vkiEK5D7Gf0z4M1Va0CXD', '4AZab8zo2nTYd7ORDmQu0V', '3MM8mtgFzaEJsqbjZBSsHJ']","['The Futureheads', 'The Rakes', 'The Von Bondies', 'Band Of Skulls', 'The Duke Spirit', 'The Subways', 'Good Shoes', 'We Are Scientists', 'The Kills', 'Deap Vally', 'The Joy Formidable', 'Dirty Pretty Things', 'Death From Above 1979', 'The Cinematics', 'Young Knives', 'Louis XIV', 'Klaxons', 'The Vines', 'The Dead Weather', 'Bloc Party']"
3WaJSfKnzc65VDgmj2zU8B,Interpol,65,"['alternative rock', 'indie rock', 'modern rock', 'rock']","['6e9wIFWhBPHLE9bXK8gtBI', '3MM8mtgFzaEJsqbjZBSsHJ', '6ssXMmc5EOUrauZxirM910', '4RlEYUI2Q5gKfDn1VwKQpK', '0XNa1vTidXlvJ2gHSsRi4A', '1Li0eIWeMeWcOOWpImcG9H', '2bcrMsFlF632EQ6VZERWFu', '3TNt4aUIxgfy9aoaft5Jj2', '2qlAMLpUyBjZgnzuFXXZXI', '7EFB09NxZrMi9pGlOnuBpd', '5BYuBzqmTXwUDw2rYkwExr', '2zRt0sfxNnqI8gLR7d8gWt', '3kjuyTCjPG1WMFCiyc5IuB', '2Z7UcsdweVlRbAk5wH5fsf', '7vkiEK5D7Gf0z4M1Va0CXD', '166Dz1GX3xonSQ3Z6CQW26', '3HJIB8sYPyxrFGuwvKXSLR', '6kFay2DQ5aZfeu5OsrF3Pw', '1rAv1GhTQ2rmG94p9lU3rB', '6qyi8X6MdP1lu6B1K6yh3h']","['Editors', 'Bloc Party', 'White Lies', 'Julian Plenti', 'Franz Ferdinand', 'Albert Hammond Jr', 'The Bravery', 'Yeah Yeah Yeahs', 'Klaxons', 'The Horrors', 'The Kills', 'She Wants Revenge', 'Arcade Fire', 'The Last Shadow Puppets', 'The Vines', 'The Rapture', 'TV On The Radio', 'The Walkmen', 'Julian Casablancas', 'Silversun Pickups']"
11wRdbnoYqRddKBrpHt4Ue,Kasabian,62,"['alternative rock', 'britpop', 'garage rock', 'leicester indie', 'modern rock', 'rock']","['0LbLWjaweRbO4FDKYlbfNt', '4fSPtBgFPZzygkY6MehwQ7', '01ZP85CNi7Y9t1e0one46k', '450iujbtN6XgiA9pv6fVZz', '14Gi3Uph96lpNB3utkoVAD', '7FPkZue0zzjHaOPJb4WCw3', '0XNa1vTidXlvJ2gHSsRi4A', '3M4ThdJR28z9eSMcQHAZ5G', '1fy3AQc7grjf5LnCd7snSg', '6OiHleP2bHM18dXq4aZQWt', '0IBAqjHG8DSaD7PPCGnGiZ', '3M0H4efyA5YcijrKlaKbYn', '7sjttK1WcZeyLPn3IsQ62L', '1NfJU4hy56Z4UM4iyIa1B2', '5yBDILLJyNFAjFpECkk7ys', '6fHETUBbKmdmgybtFOFQuc', '4DToQR3aKrHQSSRzSz8Nzt', '2Z7UcsdweVlRbAk5wH5fsf', '6e9wIFWhBPHLE9bXK8gtBI', '048FBwXjFYBWxSggPDipic']","['Kaiser Chiefs', 'The Libertines', 'The Enemy', 'Razorlight', 'Hard-FI', 'The Pigeon Detectives', 'Franz Ferdinand', 'The Fratellis', 'The View', 'The Coral', 'Babyshambles', 'Miles Kane', ""Noel Gallagher's High Flying Birds"", 'Courteeners', 'Beady Eye', 'Dirty Pretty Things', 'The Hives', 'The Last Shadow Puppets', 'Editors', 'Maximo Park']"
450iujbtN6XgiA9pv6fVZz,Razorlight,59,"['britpop', 'indie rock', 'modern rock', 'pop rock', 'rock']","['7FPkZue0zzjHaOPJb4WCw3', '0LbLWjaweRbO4FDKYlbfNt', '14Gi3Uph96lpNB3utkoVAD', '01ZP85CNi7Y9t1e0one46k', '1fy3AQc7grjf5LnCd7snSg', '048FBwXjFYBWxSggPDipic', '3M4ThdJR28z9eSMcQHAZ5G', '2qV7axHq9Jk7QqFcB3f05A', '6fHETUBbKmdmgybtFOFQuc', '6OiHleP2bHM18dXq4aZQWt', '1NfJU4hy56Z4UM4iyIa1B2', '4fSPtBgFPZzygkY6MehwQ7', '35YNL4wwv11ZkmeWWL51y7', '11wRdbnoYqRddKBrpHt4Ue', '21UJ7PRWb3Etgsu99f8yo8', '3Sr1muUE6DYihFufoHpnfc', '0IBAqjHG8DSaD7PPCGnGiZ', '4LlDtNr8qFwhrT8eL2wzH4', '2wpJOPmf1TIOzrB9mzHifd', '3Rsr4Z96O6U3lToOiV3zBh']","['The Pigeon Detectives', 'Kaiser Chiefs', 'Hard-FI', 'The Enemy', 'The View', 'Maximo Park', 'The Fratellis', 'The Zutons', 'Dirty Pretty Things', 'The Coral', 'Courteeners', 'The Libertines', 'We Are Scientists', 'Kasabian', 'Stereophonics', 'The Rifles', 'Babyshambles', 'The Hoosiers', 'Scouting For Girls', 'Jamie T']"
0XNa1vTidXlvJ2gHSsRi4A,Franz Ferdinand,64,"['alternative rock', 'dance rock', 'indie rock', 'modern rock', 'rock', 'scottish rock']","['0LbLWjaweRbO4FDKYlbfNt', '2Z7UcsdweVlRbAk5wH5fsf', '3MM8mtgFzaEJsqbjZBSsHJ', '3M4ThdJR28z9eSMcQHAZ5G', '6fHETUBbKmdmgybtFOFQuc', '11wRdbnoYqRddKBrpHt4Ue', '4fSPtBgFPZzygkY6MehwQ7', '6e9wIFWhBPHLE9bXK8gtBI', '3WaJSfKnzc65VDgmj2zU8B', '2bcrMsFlF632EQ6VZERWFu', '35YNL4wwv11ZkmeWWL51y7', '4DToQR3aKrHQSSRzSz8Nzt', '7vkiEK5D7Gf0z4M1Va0CXD', '6ssXMmc5EOUrauZxirM910', '1Li0eIWeMeWcOOWpImcG9H', '2qlAMLpUyBjZgnzuFXXZXI', '14Gi3Uph96lpNB3utkoVAD', '048FBwXjFYBWxSggPDipic', '0IBAqjHG8DSaD7PPCGnGiZ', '5UVftEhSsIg0kkXlmfhB6M']","['Kaiser Chiefs', 'The Last Shadow Puppets', 'Bloc Party', 'The Fratellis', 'Dirty Pretty Things', 'Kasabian', 'The Libertines', 'Editors', 'Interpol', 'The Bravery', 'We Are Scientists', 'The Hives', 'The Vines', 'White Lies', 'Albert Hammond Jr', 'Klaxons', 'Hard-FI', 'Maximo Park', 'Babyshambles', 'Hot Hot Heat']"
2Z7UcsdweVlRbAk5wH5fsf,The Last Shadow Puppets,59,"['baroque pop', 'indie rock', 'modern rock', 'rock', 'sheffield indie']","['6fHETUBbKmdmgybtFOFQuc', '4fSPtBgFPZzygkY6MehwQ7', '3M4ThdJR28z9eSMcQHAZ5G', '0IBAqjHG8DSaD7PPCGnGiZ', '7FPkZue0zzjHaOPJb4WCw3', '1Li0eIWeMeWcOOWpImcG9H', '51Eq6WMVEOjjx9KQMAnneG', '0XNa1vTidXlvJ2gHSsRi4A', '0LbLWjaweRbO4FDKYlbfNt', '7vkiEK5D7Gf0z4M1Va0CXD', '1ctkBmvz80MGyi72Ix055S', '0vW8z9pZMGCcRtGPGtyqiB', '1rAv1GhTQ2rmG94p9lU3rB', '0ikiOZC4SDG6OrgHLESydg', '3M0H4efyA5YcijrKlaKbYn', '2qlAMLpUyBjZgnzuFXXZXI', '11wRdbnoYqRddKBrpHt4Ue', '6ssXMmc5EOUrauZxirM910', '09K1H1DgyIXHsMx2j7KTFX', '450iujbtN6XgiA9pv6fVZz']","['Dirty Pretty Things', 'The Libertines', 'The Fratellis', 'Babyshambles', 'The Pigeon Detectives', 'Albert Hammond Jr', 'The Cribs', 'Franz Ferdinand', 'Kaiser Chiefs', 'The Vines', 'Alex Turner', 'The Maccabees', 'Julian Casablancas', 'Peter Doherty', 'Miles Kane', 'Klaxons', 'Kasabian', 'White Lies', 'Mystery Jets', 'Razorlight']"
7FPkZue0zzjHaOPJb4WCw3,The Pigeon Detectives,45,"['indie rock', 'leeds indie', 'modern rock', 'new rave']","['721LNYldlmaLlKi0IQ5ClK', '1fy3AQc7grjf5LnCd7snSg', '01ZP85CNi7Y9t1e0one46k', '3Sr1muUE6DYihFufoHpnfc', '0ucpA79hkvtJ2qtPv1yXVm', '1KlihEB7FggW8e9cMbPXAz', '6fHETUBbKmdmgybtFOFQuc', '51Eq6WMVEOjjx9KQMAnneG', '14Gi3Uph96lpNB3utkoVAD', '4LlDtNr8qFwhrT8eL2wzH4', '450iujbtN6XgiA9pv6fVZz', '35YNL4wwv11ZkmeWWL51y7', '048FBwXjFYBWxSggPDipic', '14GEKKALFIO2oB9IdGXg2e', '1NfJU4hy56Z4UM4iyIa1B2', '2qV7axHq9Jk7QqFcB3f05A', '19t4krGrwyr10giUMdv8BK', '3TBfn8PtXr42OrTPaoC3E8', '7mDQwcnDUGuSoggxbUtVc1', '3M4ThdJR28z9eSMcQHAZ5G']","['Little Man Tate', 'The View', 'The Enemy', 'The Rifles', 'The Holloways', 'Milburn', 'Dirty Pretty Things', 'The Cribs', 'Hard-FI', 'The Hoosiers', 'Razorlight', 'We Are Scientists', 'Maximo Park', 'Reverend And The Makers', 'Courteeners', 'The Zutons', 'The Twang', 'The Futureheads', 'The Rakes', 'The Fratellis']"
4Xxkt0tSJr1uNxGDZcJLRc,VANT,36,"['english indie rock', 'modern alternative rock', 'modern rock']","['6hWReUQlQwLTYlmZ1vltRB', '5CMAV0Fr8uS2YqlR1ZG5lA', '4hfrzKkUsrb3Cz209SKxbo', '7MkyChCSbNBozQ6jq79lop', '0FHPAcPoHtExxmF68aEChO', '5kkANnP50OoBkxc8JRuTsA', '3ga6P2RJRcvCRdnNcyK6wr', '3E3NOIlw2s1ZPU9GRB9jaq', '4fgXfJCQnK6c44u4KzAtQP', '4zoylbX2qRvtWbVq0nduGG', '3uhfMjcE5HJqMIWh3Iolw0', '52pNByiBWx6SVMMqqcCA74', '6jCJXKWlZky694nYGcJlm1', '6DaXEbr3LdLNcui8pZf6AF', '7DruTvBV7owt1aSAZHsU58', '1ShwUjKIwQRaUJij7jgRhp', '6rXvNr9Gj20KRBVxDbVbv6', '7jZycSvTyx0W9poD4PjEIG', '3KozMLMh8J2iR3jmwndtfX', '6FKokxvL5PCWIxrVhMyDgI']","['King No-One', 'High Tyde', 'Ten Tonnes', 'Marsicans', 'King Nun', 'Spring King', 'The Bohicas', 'JAWS', 'Sundara Karma', 'Glass Caves', 'The Pale White', 'The Magic Gang', 'CHILDCARE', 'The Luka State', 'Viola Beach', 'The Night Café', 'Darlia', 'The Hunna', 'Otherkin', 'Demob Happy']"
51Eq6WMVEOjjx9KQMAnneG,The Cribs,46,"['alternative dance', 'british indie rock', 'britpop', 'indie rock', 'modern alternative rock', 'modern rock', 'new rave', 'west yorkshire indie']","['3TBfn8PtXr42OrTPaoC3E8', '1SBU4DvQapOFCnxMzENUkp', '7FPkZue0zzjHaOPJb4WCw3', '7mDQwcnDUGuSoggxbUtVc1', '721LNYldlmaLlKi0IQ5ClK', '3Sr1muUE6DYihFufoHpnfc', '4kYNTq3njMHBcnv8Di0v0Y', '0vW8z9pZMGCcRtGPGtyqiB', '1fy3AQc7grjf5LnCd7snSg', '09K1H1DgyIXHsMx2j7KTFX', '1KlihEB7FggW8e9cMbPXAz', '01ZP85CNi7Y9t1e0one46k', '35YNL4wwv11ZkmeWWL51y7', '3On7zXKjSRYhbsuUpLJ59k', '6fHETUBbKmdmgybtFOFQuc', '048FBwXjFYBWxSggPDipic', '0IBAqjHG8DSaD7PPCGnGiZ', '15dpP4ak7Z35TvysdicaUr', '3Rsr4Z96O6U3lToOiV3zBh', '4fSPtBgFPZzygkY6MehwQ7']","['The Futureheads', 'Good Shoes', 'The Pigeon Detectives', 'The Rakes', 'Little Man Tate', 'The Rifles', 'Young Knives', 'The Maccabees', 'The View', 'Mystery Jets', 'Milburn', 'The Enemy', 'We Are Scientists', 'The Sunshine Underground', 'Dirty Pretty Things', 'Maximo Park', 'Babyshambles', 'The Paddingtons', 'Jamie T', 'The Libertines']"
1SBU4DvQapOFCnxMzENUkp,Good Shoes,38,"['alternative dance', 'british indie rock', 'dance-punk', 'indie rock', 'new rave']","['4kYNTq3njMHBcnv8Di0v0Y', '51Eq6WMVEOjjx9KQMAnneG', '721LNYldlmaLlKi0IQ5ClK', '7mDQwcnDUGuSoggxbUtVc1', '3TBfn8PtXr42OrTPaoC3E8', '0ucpA79hkvtJ2qtPv1yXVm', '1KlihEB7FggW8e9cMbPXAz', '0vW8z9pZMGCcRtGPGtyqiB', '0In4Vd9eYtg6VMNlX9mngU', '3On7zXKjSRYhbsuUpLJ59k', '09K1H1DgyIXHsMx2j7KTFX', '15dpP4ak7Z35TvysdicaUr', '4s80V6BJwBbS1UEbjeQejQ', '3Sr1muUE6DYihFufoHpnfc', '2LrQtNcBWufq2AjaM6swf7', '1gxXzfykdtDuod56hPkYyr', '7FPkZue0zzjHaOPJb4WCw3', '35YNL4wwv11ZkmeWWL51y7', '1MgvsJla47xsnYySv4nJU5', '6fHETUBbKmdmgybtFOFQuc']","['Young Knives', 'The Cribs', 'Little Man Tate', 'The Rakes', 'The Futureheads', 'The Holloways', 'Milburn', 'The Maccabees', 'Cajun Dance Party', 'The Sunshine Underground', 'Mystery Jets', 'The Paddingtons', 'Pete And The Pirates', 'The Rifles', 'The Rumble Strips', 'Art Brut', 'The Pigeon Detectives', 'We Are Scientists', 'Larrikin Love', 'Dirty Pretty Things']"
3TBfn8PtXr42OrTPaoC3E8,The Futureheads,43,"['alternative dance', 'british indie rock', 'dance-punk', 'indie rock', 'modern rock', 'new rave', 'north east england indie']","['4kYNTq3njMHBcnv8Di0v0Y', '51Eq6WMVEOjjx9KQMAnneG', '7mDQwcnDUGuSoggxbUtVc1', '1SBU4DvQapOFCnxMzENUkp', '721LNYldlmaLlKi0IQ5ClK', '7FPkZue0zzjHaOPJb4WCw3', '35YNL4wwv11ZkmeWWL51y7', '0ucpA79hkvtJ2qtPv1yXVm', '01ZP85CNi7Y9t1e0one46k', '048FBwXjFYBWxSggPDipic', '3Sr1muUE6DYihFufoHpnfc', '3On7zXKjSRYhbsuUpLJ59k', '1KlihEB7FggW8e9cMbPXAz', '1gxXzfykdtDuod56hPkYyr', '0vW8z9pZMGCcRtGPGtyqiB', '5qVBMUGPLZJlWqeLgKrs4U', '6fHETUBbKmdmgybtFOFQuc', '2qV7axHq9Jk7QqFcB3f05A', '1fy3AQc7grjf5LnCd7snSg', '5UVftEhSsIg0kkXlmfhB6M']","['Young Knives', 'The Cribs', 'The Rakes', 'Good Shoes', 'Little Man Tate', 'The Pigeon Detectives', 'We Are Scientists', 'The Holloways', 'The Enemy', 'Maximo Park', 'The Rifles', 'The Sunshine Underground', 'Milburn', 'Art Brut', 'The Maccabees', 'Boy Kill Boy', 'Dirty Pretty Things', 'The Zutons', 'The View', 'Hot Hot Heat']"
7mDQwcnDUGuSoggxbUtVc1,The Rakes,36,"['alternative dance', 'british indie rock', 'dance-punk', 'indie rock', 'new rave']","['721LNYldlmaLlKi0IQ5ClK', '4kYNTq3njMHBcnv8Di0v0Y', '0ucpA79hkvtJ2qtPv1yXVm', '1KlihEB7FggW8e9cMbPXAz', '3TBfn8PtXr42OrTPaoC3E8', '51Eq6WMVEOjjx9KQMAnneG', '1SBU4DvQapOFCnxMzENUkp', '3Sr1muUE6DYihFufoHpnfc', '3On7zXKjSRYhbsuUpLJ59k', '6fHETUBbKmdmgybtFOFQuc', '7FPkZue0zzjHaOPJb4WCw3', '5qVBMUGPLZJlWqeLgKrs4U', '35YNL4wwv11ZkmeWWL51y7', '15dpP4ak7Z35TvysdicaUr', '7M6zxq59QM0CMvvYprtzOZ', '048FBwXjFYBWxSggPDipic', '01ZP85CNi7Y9t1e0one46k', '2qV7axHq9Jk7QqFcB3f05A', '1gxXzfykdtDuod56hPkYyr', '0IBAqjHG8DSaD7PPCGnGiZ']","['Little Man Tate', 'Young Knives', 'The Holloways', 'Milburn', 'The Futureheads', 'The Cribs', 'Good Shoes', 'The Rifles', 'The Sunshine Underground', 'Dirty Pretty Things', 'The Pigeon Detectives', 'Boy Kill Boy', 'We Are Scientists', 'The Paddingtons', 'The Cinematics', 'Maximo Park', 'The Enemy', 'The Zutons', 'Art Brut', 'Babyshambles']"
1VyVjE6tvQiM8T8a3WcYQd,Jack Peñate,36,['new rave'],"['721LNYldlmaLlKi0IQ5ClK', '0vW8z9pZMGCcRtGPGtyqiB', '3Rsr4Z96O6U3lToOiV3zBh', '7FPkZue0zzjHaOPJb4WCw3', '0ucpA79hkvtJ2qtPv1yXVm', '09K1H1DgyIXHsMx2j7KTFX', '1SBU4DvQapOFCnxMzENUkp', '19t4krGrwyr10giUMdv8BK', '01ZP85CNi7Y9t1e0one46k', '4kYNTq3njMHBcnv8Di0v0Y', '2LrQtNcBWufq2AjaM6swf7', '0In4Vd9eYtg6VMNlX9mngU', '1KlihEB7FggW8e9cMbPXAz', '1fy3AQc7grjf5LnCd7snSg', '3Sr1muUE6DYihFufoHpnfc', '3TBfn8PtXr42OrTPaoC3E8', '7mDQwcnDUGuSoggxbUtVc1', '2p55ldnwVuB7xKXBLHDB2y', '51Eq6WMVEOjjx9KQMAnneG', '35YNL4wwv11ZkmeWWL51y7']","['Little Man Tate', 'The Maccabees', 'Jamie T', 'The Pigeon Detectives', 'The Holloways', 'Mystery Jets', 'Good Shoes', 'The Twang', 'The Enemy', 'Young Knives', 'The Rumble Strips', 'Cajun Dance Party', 'Milburn', 'The View', 'The Rifles', 'The Futureheads', 'The Rakes', 'Get Cape. Wear Cape. Fly', 'The Cribs', 'We Are Scientists']"
1fy3AQc7grjf5LnCd7snSg,The View,44,"['britpop', 'celtic rock', 'dundee indie', 'modern rock', 'scottish indie rock', 'scottish rock']","['7FPkZue0zzjHaOPJb4WCw3', '01ZP85CNi7Y9t1e0one46k', '721LNYldlmaLlKi0IQ5ClK', '3Sr1muUE6DYihFufoHpnfc', '1KlihEB7FggW8e9cMbPXAz', '1NfJU4hy56Z4UM4iyIa1B2', '19t4krGrwyr10giUMdv8BK', '51Eq6WMVEOjjx9KQMAnneG', '0ucpA79hkvtJ2qtPv1yXVm', '14GEKKALFIO2oB9IdGXg2e', '6fHETUBbKmdmgybtFOFQuc', '4yNl6kohlH1jcbfXwkcpg9', '0IBAqjHG8DSaD7PPCGnGiZ', '048FBwXjFYBWxSggPDipic', '450iujbtN6XgiA9pv6fVZz', '14Gi3Uph96lpNB3utkoVAD', '3TBfn8PtXr42OrTPaoC3E8', '4fSPtBgFPZzygkY6MehwQ7', '2qV7axHq9Jk7QqFcB3f05A', '3Rsr4Z96O6U3lToOiV3zBh']","['The Pigeon Detectives', 'The Enemy', 'Little Man Tate', 'The Rifles', 'Milburn', 'Courteeners', 'The Twang', 'The Cribs', 'The Holloways', 'Reverend And The Makers', 'Dirty Pretty Things', 'Twisted Wheel', 'Babyshambles', 'Maximo Park', 'Razorlight', 'Hard-FI', 'The Futureheads', 'The Libertines', 'The Zutons', 'Jamie T']"
3Sr1muUE6DYihFufoHpnfc,The Rifles,34,"['british indie rock', 'modern rock']","['7FPkZue0zzjHaOPJb4WCw3', '721LNYldlmaLlKi0IQ5ClK', '0ucpA79hkvtJ2qtPv1yXVm', '1fy3AQc7grjf5LnCd7snSg', '1KlihEB7FggW8e9cMbPXAz', '01ZP85CNi7Y9t1e0one46k', '7mDQwcnDUGuSoggxbUtVc1', '51Eq6WMVEOjjx9KQMAnneG', '6fHETUBbKmdmgybtFOFQuc', '19t4krGrwyr10giUMdv8BK', '15dpP4ak7Z35TvysdicaUr', '14GEKKALFIO2oB9IdGXg2e', '3On7zXKjSRYhbsuUpLJ59k', '3TBfn8PtXr42OrTPaoC3E8', '1SBU4DvQapOFCnxMzENUkp', '4kYNTq3njMHBcnv8Di0v0Y', '1NfJU4hy56Z4UM4iyIa1B2', '4yNl6kohlH1jcbfXwkcpg9', '14Gi3Uph96lpNB3utkoVAD', '048FBwXjFYBWxSggPDipic']","['The Pigeon Detectives', 'Little Man Tate', 'The Holloways', 'The View', 'Milburn', 'The Enemy', 'The Rakes', 'The Cribs', 'Dirty Pretty Things', 'The Twang', 'The Paddingtons', 'Reverend And The Makers', 'The Sunshine Underground', 'The Futureheads', 'Good Shoes', 'Young Knives', 'Courteeners', 'Twisted Wheel', 'Hard-FI', 'Maximo Park']"
4kYNTq3njMHBcnv8Di0v0Y,Young Knives,26,"['alternative dance', 'british indie rock', 'indie rock', 'new rave', 'oxford indie']","['3TBfn8PtXr42OrTPaoC3E8', '1SBU4DvQapOFCnxMzENUkp', '7mDQwcnDUGuSoggxbUtVc1', '721LNYldlmaLlKi0IQ5ClK', '0ucpA79hkvtJ2qtPv1yXVm', '51Eq6WMVEOjjx9KQMAnneG', '3On7zXKjSRYhbsuUpLJ59k', '1gxXzfykdtDuod56hPkYyr', '2LrQtNcBWufq2AjaM6swf7', '15dpP4ak7Z35TvysdicaUr', '1KlihEB7FggW8e9cMbPXAz', '4s80V6BJwBbS1UEbjeQejQ', '3Sr1muUE6DYihFufoHpnfc', '0In4Vd9eYtg6VMNlX9mngU', '5qVBMUGPLZJlWqeLgKrs4U', '4yNl6kohlH1jcbfXwkcpg9', '1OYQ8FaGjBFrENUZ1RLvMG', '01ZP85CNi7Y9t1e0one46k', '35YNL4wwv11ZkmeWWL51y7', '0vW8z9pZMGCcRtGPGtyqiB']","['The Futureheads', 'Good Shoes', 'The Rakes', 'Little Man Tate', 'The Holloways', 'The Cribs', 'The Sunshine Underground', 'Art Brut', 'The Rumble Strips', 'The Paddingtons', 'Milburn', 'Pete And The Pirates', 'The Rifles', 'Cajun Dance Party', 'Boy Kill Boy', 'Twisted Wheel', 'The Long Blondes', 'The Enemy', 'We Are Scientists', 'The Maccabees']"
4fSPtBgFPZzygkY6MehwQ7,The Libertines,56,"['alternative rock', 'britpop', 'garage rock', 'garage rock revival', 'indie rock', 'modern rock', 'rock']","['6fHETUBbKmdmgybtFOFQuc', '0IBAqjHG8DSaD7PPCGnGiZ', '7FPkZue0zzjHaOPJb4WCw3', '0ikiOZC4SDG6OrgHLESydg', '1fy3AQc7grjf5LnCd7snSg', '51Eq6WMVEOjjx9KQMAnneG', '01ZP85CNi7Y9t1e0one46k', '2Z7UcsdweVlRbAk5wH5fsf', '6OiHleP2bHM18dXq4aZQWt', '450iujbtN6XgiA9pv6fVZz', '0vW8z9pZMGCcRtGPGtyqiB', '3Sr1muUE6DYihFufoHpnfc', '048FBwXjFYBWxSggPDipic', '0LbLWjaweRbO4FDKYlbfNt', '3M4ThdJR28z9eSMcQHAZ5G', '7mDQwcnDUGuSoggxbUtVc1', '3Rsr4Z96O6U3lToOiV3zBh', '1NfJU4hy56Z4UM4iyIa1B2', '1KlihEB7FggW8e9cMbPXAz', '1Li0eIWeMeWcOOWpImcG9H']","['Dirty Pretty Things', 'Babyshambles', 'The Pigeon Detectives', 'Peter Doherty', 'The View', 'The Cribs', 'The Enemy', 'The Last Shadow Puppets', 'The Coral', 'Razorlight', 'The Maccabees', 'The Rifles', 'Maximo Park', 'Kaiser Chiefs', 'The Fratellis', 'The Rakes', 'Jamie T', 'Courteeners', 'Milburn', 'Albert Hammond Jr']"
01ZP85CNi7Y9t1e0one46k,The Enemy,41,"['british indie rock', 'britpop', 'coventry indie', 'modern rock']","['7FPkZue0zzjHaOPJb4WCw3', '1fy3AQc7grjf5LnCd7snSg', '721LNYldlmaLlKi0IQ5ClK', '3Sr1muUE6DYihFufoHpnfc', '19t4krGrwyr10giUMdv8BK', '1KlihEB7FggW8e9cMbPXAz', '14GEKKALFIO2oB9IdGXg2e', '1NfJU4hy56Z4UM4iyIa1B2', '6fHETUBbKmdmgybtFOFQuc', '51Eq6WMVEOjjx9KQMAnneG', '14Gi3Uph96lpNB3utkoVAD', '2qV7axHq9Jk7QqFcB3f05A', '3TBfn8PtXr42OrTPaoC3E8', '7mDQwcnDUGuSoggxbUtVc1', '048FBwXjFYBWxSggPDipic', '0ucpA79hkvtJ2qtPv1yXVm', '4yNl6kohlH1jcbfXwkcpg9', '2xPxXPgmZFs7x6xRFpHwkq', '3On7zXKjSRYhbsuUpLJ59k', '450iujbtN6XgiA9pv6fVZz']","['The Pigeon Detectives', 'The View', 'Little Man Tate', 'The Rifles', 'The Twang', 'Milburn', 'Reverend And The Makers', 'Courteeners', 'Dirty Pretty Things', 'The Cribs', 'Hard-FI', 'The Zutons', 'The Futureheads', 'The Rakes', 'Maximo Park', 'The Holloways', 'Twisted Wheel', 'The Ordinary Boys', 'The Sunshine Underground', 'Razorlight']"
7cfhZmKaLWzNLwHDxzugUH,Little Comets,38,['british indie rock'],"['1SBU4DvQapOFCnxMzENUkp', '0vW8z9pZMGCcRtGPGtyqiB', '3pTE9iaJTkWns3mxpNQlJV', '09K1H1DgyIXHsMx2j7KTFX', '1KlihEB7FggW8e9cMbPXAz', '7FPkZue0zzjHaOPJb4WCw3', '04weGKj3nAChyEmS9RFF5y', '721LNYldlmaLlKi0IQ5ClK', '1HOeqtP7tHkKNJNLzQ2tnr', '51Eq6WMVEOjjx9KQMAnneG', '1VyVjE6tvQiM8T8a3WcYQd', '3TBfn8PtXr42OrTPaoC3E8', '4kYNTq3njMHBcnv8Di0v0Y', '3Sr1muUE6DYihFufoHpnfc', '3Rsr4Z96O6U3lToOiV3zBh', '5ERkupmHea6uS0nwKr2zcz', '0nJmFO9huvto3PHos43STE', '0ucpA79hkvtJ2qtPv1yXVm', '4yNl6kohlH1jcbfXwkcpg9', '1fy3AQc7grjf5LnCd7snSg']","['Good Shoes', 'The Maccabees', 'Bombay Bicycle Club', 'Mystery Jets', 'Milburn', 'The Pigeon Detectives', 'The Crookes', 'Little Man Tate', 'Everything Everything', 'The Cribs', 'Jack Peñate', 'The Futureheads', 'Young Knives', 'The Rifles', 'Jamie T', 'Darwin Deez', 'Tribes', 'The Holloways', 'Twisted Wheel', 'The View']"
1KlihEB7FggW8e9cMbPXAz,Milburn,33,"['british indie rock', 'sheffield indie']","['721LNYldlmaLlKi0IQ5ClK', '0ucpA79hkvtJ2qtPv1yXVm', '7FPkZue0zzjHaOPJb4WCw3', '3Sr1muUE6DYihFufoHpnfc', '01ZP85CNi7Y9t1e0one46k', '1fy3AQc7grjf5LnCd7snSg', '7mDQwcnDUGuSoggxbUtVc1', '5qVBMUGPLZJlWqeLgKrs4U', '19t4krGrwyr10giUMdv8BK', '15dpP4ak7Z35TvysdicaUr', '14GEKKALFIO2oB9IdGXg2e', '51Eq6WMVEOjjx9KQMAnneG', '1SBU4DvQapOFCnxMzENUkp', '6fHETUBbKmdmgybtFOFQuc', '4kYNTq3njMHBcnv8Di0v0Y', '3On7zXKjSRYhbsuUpLJ59k', '4jAjUpG6nVduqD5icoVMy0', '4yNl6kohlH1jcbfXwkcpg9', '3TBfn8PtXr42OrTPaoC3E8', '1NfJU4hy56Z4UM4iyIa1B2']","['Little Man Tate', 'The Holloways', 'The Pigeon Detectives', 'The Rifles', 'The Enemy', 'The View', 'The Rakes', 'Boy Kill Boy', 'The Twang', 'The Paddingtons', 'Reverend And The Makers', 'The Cribs', 'Good Shoes', 'Dirty Pretty Things', 'Young Knives', 'The Sunshine Underground', 'Harrisons', 'Twisted Wheel', 'The Futureheads', 'Courteeners']"
79RmzX8i9w6YwqJjg3O1MY,Blaenavon,34,['english indie rock'],"['3E3NOIlw2s1ZPU9GRB9jaq', '52pNByiBWx6SVMMqqcCA74', '6hWReUQlQwLTYlmZ1vltRB', '4fgXfJCQnK6c44u4KzAtQP', '0hSgRl2U8kSaJLE2Di325f', '5CMAV0Fr8uS2YqlR1ZG5lA', '0vnJ2wR879kbb5MuzblVOb', '1ShwUjKIwQRaUJij7jgRhp', '7MkyChCSbNBozQ6jq79lop', '7DruTvBV7owt1aSAZHsU58', '4Xxkt0tSJr1uNxGDZcJLRc', '4hfrzKkUsrb3Cz209SKxbo', '6jCJXKWlZky694nYGcJlm1', '7jZycSvTyx0W9poD4PjEIG', '45FqwUG4hTT6d39r2HUsUe', '22RISwgVJyZu9lpqAcv1F5', '0ZSjRETud0Y3BZ3aLNKzAz', '6hl5k4gLl1p3sjhHcb57t2', '2oVmQT6s29pVIKpqJkyxBS', '2ATweaQe83QUQVjM8LMh7J']","['JAWS', 'The Magic Gang', 'King No-One', 'Sundara Karma', 'Bad Sounds', 'High Tyde', 'Clean Cut Kid', 'The Night Café', 'Marsicans', 'Viola Beach', 'VANT', 'Ten Tonnes', 'CHILDCARE', 'The Hunna', 'Sea Girls', 'Blossoms', 'Superfood', 'Circa Waves', 'Black Honey', 'Gengahr']"
4BntNFyiN3VGG4hhRRZt9d,The Subways,47,"['garage rock', 'garage rock revival', 'modern rock', 'new rave']","['6fHETUBbKmdmgybtFOFQuc', '7FPkZue0zzjHaOPJb4WCw3', '35YNL4wwv11ZkmeWWL51y7', '048FBwXjFYBWxSggPDipic', '4DToQR3aKrHQSSRzSz8Nzt', '7vkiEK5D7Gf0z4M1Va0CXD', '14Gi3Uph96lpNB3utkoVAD', '0LbLWjaweRbO4FDKYlbfNt', '7mDQwcnDUGuSoggxbUtVc1', '2bcrMsFlF632EQ6VZERWFu', '3TBfn8PtXr42OrTPaoC3E8', '3M4ThdJR28z9eSMcQHAZ5G', '450iujbtN6XgiA9pv6fVZz', '3Sr1muUE6DYihFufoHpnfc', '3r6Sk3pYxdJk7MekhBGgMR', '0IBAqjHG8DSaD7PPCGnGiZ', '1fy3AQc7grjf5LnCd7snSg', '01ZP85CNi7Y9t1e0one46k', '2qlAMLpUyBjZgnzuFXXZXI', '51Eq6WMVEOjjx9KQMAnneG']","['Dirty Pretty Things', 'The Pigeon Detectives', 'We Are Scientists', 'Maximo Park', 'The Hives', 'The Vines', 'Hard-FI', 'Kaiser Chiefs', 'The Rakes', 'The Bravery', 'The Futureheads', 'The Fratellis', 'Razorlight', 'The Rifles', 'Blood Red Shoes', 'Babyshambles', 'The View', 'The Enemy', 'Klaxons', 'The Cribs']"
0KU55rzxAihPhi27MAuz9O,The Big Moon,43,['london indie'],"['1xVcjJ5YsYOClO2Unt3Rm8', '2DaP4uXwKOXAaD77XokW9a', '2ATweaQe83QUQVjM8LMh7J', '04JIxSs2P0iteVWtaskfeh', '2oVmQT6s29pVIKpqJkyxBS', '52pNByiBWx6SVMMqqcCA74', '0hSgRl2U8kSaJLE2Di325f', '09Lrr4vGyWxxsuo3lrZW7f', '5JWEBEt8VxHHxYKFmpzjwD', '0ZSjRETud0Y3BZ3aLNKzAz', '6zWJfH1TTmIqEi7EV35HGr', '3E3NOIlw2s1ZPU9GRB9jaq', '1ukEEwzjucRtFTxiw2DrDZ', '33ReZaGVb63WaJE68WgWuU', '4hfrzKkUsrb3Cz209SKxbo', '7MkyChCSbNBozQ6jq79lop', '4S2f4BosAW2oF9AfGEK8ZL', '4T4JE09FOmRgv2Wzb6JaOR', '3btzEQD6sugImIHPMRgkwV', '79RmzX8i9w6YwqJjg3O1MY']","['Sunflower Bean', 'Dream Wife', 'Gengahr', 'Sports Team', 'Black Honey', 'The Magic Gang', 'Bad Sounds', 'Our Girl', 'The Orielles', 'Superfood', 'Pip Blom', 'JAWS', 'Goat Girl', 'Lauran Hibberd', 'Ten Tonnes', 'Marsicans', 'Boy Azooga', 'Willie J Healey', 'Wolf Alice', 'Blaenavon']"
2oVmQT6s29pVIKpqJkyxBS,Black Honey,43,"['brighton indie', 'english indie rock', 'modern alternative rock', 'modern rock']","['6hWReUQlQwLTYlmZ1vltRB', '0ZSjRETud0Y3BZ3aLNKzAz', '3E3NOIlw2s1ZPU9GRB9jaq', '4fgXfJCQnK6c44u4KzAtQP', '0KU55rzxAihPhi27MAuz9O', '4Xxkt0tSJr1uNxGDZcJLRc', '3uhfMjcE5HJqMIWh3Iolw0', '0hSgRl2U8kSaJLE2Di325f', '52pNByiBWx6SVMMqqcCA74', '2ATweaQe83QUQVjM8LMh7J', '5CMAV0Fr8uS2YqlR1ZG5lA', '1ShwUjKIwQRaUJij7jgRhp', '4QLxrnoxEmvV8TT7gkqgM5', '0FHPAcPoHtExxmF68aEChO', '7AgbaohUbhWwjjNKCSOB2x', '22RISwgVJyZu9lpqAcv1F5', '4hfrzKkUsrb3Cz209SKxbo', '04JIxSs2P0iteVWtaskfeh', '6jCJXKWlZky694nYGcJlm1', '45FqwUG4hTT6d39r2HUsUe']","['King No-One', 'Superfood', 'JAWS', 'Sundara Karma', 'The Big Moon', 'VANT', 'The Pale White', 'Bad Sounds', 'The Magic Gang', 'Gengahr', 'High Tyde', 'The Night Café', 'Estrons', 'King Nun', 'Anteros', 'Blossoms', 'Ten Tonnes', 'Sports Team', 'CHILDCARE', 'Sea Girls']"
2ATweaQe83QUQVjM8LMh7J,Gengahr,41,['english indie rock'],"['0ZSjRETud0Y3BZ3aLNKzAz', '3E3NOIlw2s1ZPU9GRB9jaq', '0hSgRl2U8kSaJLE2Di325f', '0KU55rzxAihPhi27MAuz9O', '52pNByiBWx6SVMMqqcCA74', '4T4JE09FOmRgv2Wzb6JaOR', '4fgXfJCQnK6c44u4KzAtQP', '2oVmQT6s29pVIKpqJkyxBS', '79RmzX8i9w6YwqJjg3O1MY', '4hfrzKkUsrb3Cz209SKxbo', '5kkANnP50OoBkxc8JRuTsA', '7MkyChCSbNBozQ6jq79lop', '2GLV4oAUIsOw1PIHthXqpF', '5CMAV0Fr8uS2YqlR1ZG5lA', '2XddLUPFBmTonCFy8uB3uc', '6jCJXKWlZky694nYGcJlm1', '1ShwUjKIwQRaUJij7jgRhp', '3VRqGLyj4cnRers46I0Yk4', '0vnJ2wR879kbb5MuzblVOb', '04JIxSs2P0iteVWtaskfeh']","['Superfood', 'JAWS', 'Bad Sounds', 'The Big Moon', 'The Magic Gang', 'Willie J Healey', 'Sundara Karma', 'Black Honey', 'Blaenavon', 'Ten Tonnes', 'Spring King', 'Marsicans', 'Mellah', 'High Tyde', 'Swim Deep', 'CHILDCARE', 'The Night Café', 'SPINN', 'Clean Cut Kid', 'Sports Team']"
1xVcjJ5YsYOClO2Unt3Rm8,Sunflower Bean,47,"['chamber psych', 'modern power pop']","['0KU55rzxAihPhi27MAuz9O', '1ukEEwzjucRtFTxiw2DrDZ', '2DaP4uXwKOXAaD77XokW9a', '65mMkD9WW39U9Yadv0dWUF', '6zWJfH1TTmIqEi7EV35HGr', '04JIxSs2P0iteVWtaskfeh', '5JWEBEt8VxHHxYKFmpzjwD', '09Lrr4vGyWxxsuo3lrZW7f', '69ZtLNs4CNIFnf3Vq7wN5q', '0jzaoSt5gOC04OWBqN78VS', '7DjwIxbe8kpw4pqnzAMoin', '4fysVnJR2KeuQ5VyiTFltS', '3d7MqowTZa2bC5iy1JXLLt', '2FDvUb4YgyUPpmnm1ILPra', '5Wj0an60VgRckYV9zlDe1e', '4vAQ4M7vgItwBtmBTgRu48', '3ztRX1UoIOsFqpD7dB6R8O', '3lnWfdMG9U0oVMC15SEbB5', '7BDvurihyagH0uSPNDJX7d', '6xBsaFua2lgAUlNv8Yh0nQ']","['The Big Moon', 'Goat Girl', 'Dream Wife', 'Rolling Blackouts Coastal Fever', 'Pip Blom', 'Sports Team', 'The Orielles', 'Our Girl', 'Mattiel', 'Tomberlin', 'The Beths', 'Empath', 'Hatchie', 'Horsegirl', 'Momma', 'Porridge Radio', 'illuminati hotties', 'BODEGA', 'Pillow Queens', 'Katy J Pearson']"
0wOej91SVqB1zcYkW6xUtA,Pale Waves,54,"['electropop', 'indie pop', 'manchester indie', 'metropopolis', 'modern alternative rock', 'modern rock', 'pop punk', 'uk pop']","['3HXLY1sNXIxHfulrjPiRf5', '6auWB5YAlcKaHyrbTH66nd', '1nhSLEYdoBHG6cJ8NDwoF1', '3IunaFjvNKj98JW89JYv9u', '2Vvj76fff5uAw10W1sW54W', '2AmfMGi3WZMxqFDHissIAe', '6xdRb2GypJ7DqnWAI2mHGn', '45FqwUG4hTT6d39r2HUsUe', '0szWPxzzE8DVEfXFRCLBUb', '52pNByiBWx6SVMMqqcCA74', '7jZycSvTyx0W9poD4PjEIG', '6hl5k4gLl1p3sjhHcb57t2', '1ShwUjKIwQRaUJij7jgRhp', '4wYzzR0lpEub1gUU8bbBTw', '5YA1c6yVkPnflTLMfOgjzc', '4fgXfJCQnK6c44u4KzAtQP', '7243txmysJ4KbRmH8UAMKO', '33ReZaGVb63WaJE68WgWuU', '1eIoJGCu3rShrRm2wfOhN8', '7DruTvBV7owt1aSAZHsU58']","['joan', 'No Rome', 'Fickle Friends', 'The Japanese House', 'The Wldlfe', 'The Aces', 'MUNA', 'Sea Girls', 'flor', 'The Magic Gang', 'The Hunna', 'Circa Waves', 'The Night Café', 'BLOXX', 'Vistas', 'Sundara Karma', 'The Amazons', 'Lauran Hibberd', 'Saint Raymond', 'Viola Beach']"
3K9muOlJVKLgH4SIwwZiDe,Self Esteem,48,"['chamber psych', 'uk alternative pop']","['6zWJfH1TTmIqEi7EV35HGr', '0KU55rzxAihPhi27MAuz9O', '75Kh0eqgzo9f43Dan1JzSV', '46MOKAqmDsUILZl3iXyPmw', '69ZtLNs4CNIFnf3Vq7wN5q', '6Pim5E5Lm03COsjHj2aEiK', '6xBsaFua2lgAUlNv8Yh0nQ', '47meGvCz0CZklN50dgzjmL', '5K9Px0eeCuYatmBGFfhSOA', '3VBNIRx1LxVdRqOiPgkLwv', '06knYh538h5SI7OAEF8ek3', '4qNZw759AdHSMugyDMrIlF', '3btzEQD6sugImIHPMRgkwV', '5v4XGACPGcMZs2ANXBzVmC', '2iDj6XNvEPptqkADJUCozm', '2h3ooJn8m8X8cL2g1BZ1Rd', '44mRrrRjaV8iu1VLIKuwty', '7BDvurihyagH0uSPNDJX7d', '4vAQ4M7vgItwBtmBTgRu48', '4PLsMEk2DCRVlVL2a9aZAv']","['Pip Blom', 'The Big Moon', 'Slow Club', 'Du Blonde', 'Mattiel', 'Bess Atwell', 'Katy J Pearson', 'She Drew The Gun', 'Orlando Weeks', 'CMAT', 'Georgia', ""Let's Eat Grandma"", 'Wolf Alice', 'Liz Lawrence', 'Jessie Buckley & Bernard Butler', 'Yard Act', 'Gwenno', 'Pillow Queens', 'Porridge Radio', 'SOAK']"
34nBPbcVc9F9eizQC4a5aT,Spector,40,"['english indie rock', 'indie rock', 'modern alternative rock', 'modern rock', 'shimmer pop']","['7cfhZmKaLWzNLwHDxzugUH', '0nJmFO9huvto3PHos43STE', '2XddLUPFBmTonCFy8uB3uc', '09K1H1DgyIXHsMx2j7KTFX', '4hfrzKkUsrb3Cz209SKxbo', '2ATweaQe83QUQVjM8LMh7J', '52pNByiBWx6SVMMqqcCA74', '7MkyChCSbNBozQ6jq79lop', '2O9XW1nnGRMkMV1wpK8IiS', '3sVKVwY8TD445BiC6Q4B43', '04JIxSs2P0iteVWtaskfeh', '3E3NOIlw2s1ZPU9GRB9jaq', '4SrofCfzlhtiKRAsMfBxV4', '0hSgRl2U8kSaJLE2Di325f', '0KU55rzxAihPhi27MAuz9O', '4fgXfJCQnK6c44u4KzAtQP', '3VRqGLyj4cnRers46I0Yk4', '1HOeqtP7tHkKNJNLzQ2tnr', '0vW8z9pZMGCcRtGPGtyqiB', '0Ak6DLKHtpR6TEEnmcorKA']","['Little Comets', 'Tribes', 'Swim Deep', 'Mystery Jets', 'Ten Tonnes', 'Gengahr', 'The Magic Gang', 'Marsicans', 'Peace', 'Palma Violets', 'Sports Team', 'JAWS', 'The Sherlocks', 'Bad Sounds', 'The Big Moon', 'Sundara Karma', 'SPINN', 'Everything Everything', 'The Maccabees', 'The Vaccines']"
2O9XW1nnGRMkMV1wpK8IiS,Peace,45,"['birmingham indie', 'english indie rock']","['3sVKVwY8TD445BiC6Q4B43', '2XddLUPFBmTonCFy8uB3uc', '0ZSjRETud0Y3BZ3aLNKzAz', '3E3NOIlw2s1ZPU9GRB9jaq', '34nBPbcVc9F9eizQC4a5aT', '52pNByiBWx6SVMMqqcCA74', '7cfhZmKaLWzNLwHDxzugUH', '2ATweaQe83QUQVjM8LMh7J', '0nJmFO9huvto3PHos43STE', '1bqX4oZFTWIQFk90AwKfnC', '79RmzX8i9w6YwqJjg3O1MY', '09K1H1DgyIXHsMx2j7KTFX', '4fgXfJCQnK6c44u4KzAtQP', '0hSgRl2U8kSaJLE2Di325f', '51Eq6WMVEOjjx9KQMAnneG', '0vW8z9pZMGCcRtGPGtyqiB', '7DruTvBV7owt1aSAZHsU58', '1XwRhEHqiCVgiEJQk66fyy', '4hfrzKkUsrb3Cz209SKxbo', '1ShwUjKIwQRaUJij7jgRhp']","['Palma Violets', 'Swim Deep', 'Superfood', 'JAWS', 'Spector', 'The Magic Gang', 'Little Comets', 'Gengahr', 'Tribes', 'Drenge', 'Blaenavon', 'Mystery Jets', 'Sundara Karma', 'Bad Sounds', 'The Cribs', 'The Maccabees', 'Viola Beach', 'D.I.D', 'Ten Tonnes', 'The Night Café']"
4zrFO6P7G6EZry0pfxMfKT,Wild Beasts,40,"['alternative dance', 'art pop', 'chamber psych', 'dream pop', 'indie rock', 'leeds indie', 'modern rock', 'new rave']","['4dGVRIf2xj0JhawVheLiOI', '04HvbIwBccFmRie5ATX4ft', '1HOeqtP7tHkKNJNLzQ2tnr', '2ARO60gI5do88ho6azmzab', '7EFB09NxZrMi9pGlOnuBpd', '0vW8z9pZMGCcRtGPGtyqiB', '5uTJLo3c4ZHpH8oEwGxYUN', '6iD5nfYvdSl4fCkcjzs2XF', '3AmgGrYHXqgbmZ2yKoIVzO', '0j2MwhbFTvquOBhs3LeIfU', '0XSqX2PB3C5dTMv7SZaxSm', '3wrtQM9ICPPeHwoc1GWiyV', '3bw0A7x5AgdJsK20ai5iS6', '77bjO3iNEdkJfszgcf6YnB', '34vLhockmYhf3LgznwyNaQ', '0CoiIc6ZLBvF9Cjmb1Cj49', '2Jv5eshHtLycR6R8KQCdc4', '69lEbRQRe29JdyLrewNAvD', '39x9e2QDpAxK8xTuJDwRqR', '5SjNVG3L9mgWQPsfp1sFDB']","['Tom Vek', 'Yeasayer', 'Everything Everything', 'Django Django', 'The Horrors', 'The Maccabees', 'Lower Dens', 'We Have Band', 'Warpaint', 'Fujiya & Miyagi', 'Wolf Parade', 'Teleman', 'Other Lives', 'Dutch Uncles', 'POLIÇA', 'Shearwater', 'Grizzly Bear', 'Ghostpoet', 'Junior Boys', 'Wye Oak']"
5ERkupmHea6uS0nwKr2zcz,Darwin Deez,41,"['alternative dance', 'indie rock', 'new rave']","['3pTE9iaJTkWns3mxpNQlJV', '1HOeqtP7tHkKNJNLzQ2tnr', '1oJolWh3meHLWUcyIijst7', '3wyfo3svXNWnszGAEVey11', '09K1H1DgyIXHsMx2j7KTFX', '1VyVjE6tvQiM8T8a3WcYQd', '0vW8z9pZMGCcRtGPGtyqiB', '1SBU4DvQapOFCnxMzENUkp', '4l1cKWYW591xnwEGxpUg3J', '536BYVgOnRky0xjsPT96zl', '60eT7q88iLWKnuSXed1AGr', '7cfhZmKaLWzNLwHDxzugUH', '7gjAu1qr5C2grXeQFFOGeh', '6RNuLHIAlLt1FQHm03oEru', '1UzKSuyOqKgUupcNNEtnF1', '35YNL4wwv11ZkmeWWL51y7', '4UTHeJ0TdH6zAEt5MoV02I', '4zrFO6P7G6EZry0pfxMfKT', '3TBfn8PtXr42OrTPaoC3E8', '4bFfSfCBYpFh37ziXCSqUs']","['Bombay Bicycle Club', 'Everything Everything', 'Black Kids', 'Tokyo Police Club', 'Mystery Jets', 'Jack Peñate', 'The Maccabees', 'Good Shoes', 'Miike Snow', 'Two Door Cinema Club', 'Architecture In Helsinki', 'Little Comets', 'Passion Pit', 'The Virgins', 'Stornoway', 'We Are Scientists', 'Delphic', 'Wild Beasts', 'The Futureheads', 'Does It Offend You, Yeah?']"
2ARO60gI5do88ho6azmzab,Django Django,48,"['alternative dance', 'chamber psych', 'electronic rock', 'electronica', 'indie rock', 'modern rock', 'new rave', 'shimmer pop']","['1HOeqtP7tHkKNJNLzQ2tnr', '4zrFO6P7G6EZry0pfxMfKT', '3wrtQM9ICPPeHwoc1GWiyV', '6VsiDFMZJlJ053P1uO4A6h', '04HvbIwBccFmRie5ATX4ft', '0vW8z9pZMGCcRtGPGtyqiB', '6fEO1r9Y9TYL9O4w5kVPmc', '6iD5nfYvdSl4fCkcjzs2XF', '09K1H1DgyIXHsMx2j7KTFX', '7EFB09NxZrMi9pGlOnuBpd', '3pTE9iaJTkWns3mxpNQlJV', '37uLId6Z5ZXCx19vuruvv5', '166Dz1GX3xonSQ3Z6CQW26', '1jSaZgaKHmgc7VTgML528r', '0j2MwhbFTvquOBhs3LeIfU', '6dgwEwnK0YtDfS9XhRwBTG', '1mmehjf7eHA10uHMisZGJg', '0EgHhNmWcjusA7F2heSD0O', '3HJIB8sYPyxrFGuwvKXSLR', '2Jv5eshHtLycR6R8KQCdc4']","['Everything Everything', 'Wild Beasts', 'Teleman', 'Public Service Broadcasting', 'Yeasayer', 'The Maccabees', 'Jagwar Ma', 'We Have Band', 'Mystery Jets', 'The Horrors', 'Bombay Bicycle Club', 'Hot Chip', 'The Rapture', 'Clap Your Hands Say Yeah', 'Fujiya & Miyagi', 'Broken Bells', '!!!', 'Baxter Dury', 'TV On The Radio', 'Grizzly Bear']"
5zhn89Em2jWUUWdpcLO3YL,Sea Power,41,"['brighton indie', 'britpop', 'chamber psych', 'indie rock']","['0FOcXqJgJ1oq9XfzYTDZmZ', '0dLSQG3IV62UNVhWUe6mx6', '0LVrQUinPUBFvVD5pLqmWY', '1xdB9gS1NrKEYgZUEfoqIw', '6g8Jqb5JMfv92eB2r0awTN', '4tyCvqG48h4LdcbFfWBjR9', '6e6GkaF6uiSEFuTrlvDJUF', '6UYwzZChuolxsylHcZcBBP', '4IDoKaZIEacb3QncU8RQMp', '3zD5liDjbqljSRorrrcEjs', '77oD8X9qLXZhpbCjv53l5n', '2bA2YuQk2ID3PWNXUhQrWS', '0DEgoO9OsoL2jW9Orh3TNT', '6DKmuXxXASTF6xaJwcTfjv', '0CoiIc6ZLBvF9Cjmb1Cj49', '6hBQq083tyW3yrF1gdVt4Q', '5SP6T04F8Ic9oftMVfdKkp', '7EV6jW6dotBdvsHj6xPixi', '44mRrrRjaV8iu1VLIKuwty', '4YsP5zmteLQ7etNjHAOu30']","['Super Furry Animals', 'Gruff Rhys', 'Doves', 'Idlewild', 'Arab Strap', 'The Wedding Present', 'The Twilight Sad', 'The Boo Radleys', 'I Am Kloot', 'Guillemots', 'Mercury Rev', 'Johnny Marr', 'The Cooper Temple Clause', 'Spiritualized', 'Shearwater', 'Half Man Half Biscuit', 'King Creosote', 'The Divine Comedy', 'Gwenno', 'Midlake']"
6VsiDFMZJlJ053P1uO4A6h,Public Service Broadcasting,47,"['chamber psych', 'indie rock']","['2ARO60gI5do88ho6azmzab', '6ho33Vt1tjZyf8m7Z5NZhx', '4zrFO6P7G6EZry0pfxMfKT', '5zhn89Em2jWUUWdpcLO3YL', '7EFB09NxZrMi9pGlOnuBpd', '1HOeqtP7tHkKNJNLzQ2tnr', '0LVrQUinPUBFvVD5pLqmWY', '0vW8z9pZMGCcRtGPGtyqiB', '75OpU10VolujEA1pl0h1dX', '5SP6T04F8Ic9oftMVfdKkp', '47meGvCz0CZklN50dgzjmL', '3TScZ6zJkavDy0tqoGqiCf', '6g8Jqb5JMfv92eB2r0awTN', '0TJB3EE2efClsYIDQ8V2Jk', '3wrtQM9ICPPeHwoc1GWiyV', '1UrfmsMDKHSYXj7SaPjyWL', '1CWwXncu9sk7EIdbvqcquR', '4Cx5LnF4WNJIn9SSqyeq9C', '5P1tdwsQdI6z9MXXfmYRDS', '4ieS1hHc74D9RXhkyoriDU']","['Django Django', 'Gaz Coombes', 'Wild Beasts', 'Sea Power', 'The Horrors', 'Everything Everything', 'Doves', 'The Maccabees', 'Nadine Shah', 'King Creosote', 'She Drew The Gun', 'John Grant', 'Arab Strap', 'Elbow', 'Teleman', 'Jane Weaver', 'Warmduscher', 'bdrmm', 'Field Music', 'Steve Mason']"
6DaXEbr3LdLNcui8pZf6AF,The Luka State,39,"['english indie rock', 'modern alternative rock', 'modern rock']","['3uhfMjcE5HJqMIWh3Iolw0', '6FKokxvL5PCWIxrVhMyDgI', '5k8vZsGwQ2AlHNfsne055D', '4Xxkt0tSJr1uNxGDZcJLRc', '5mGGqrCotZt5NvTxb6nsma', '5fRpvt0RU5UL6YwQekpofE', '0FHPAcPoHtExxmF68aEChO', '7243txmysJ4KbRmH8UAMKO', '1rT2DYzj3q6QnrxaqF4jnN', '6hWReUQlQwLTYlmZ1vltRB', '2kO6mP0olFJGGh6kvUdNC8', '1b4CSS8iXMbRk0fQ5HxcKJ', '4B06m6NJ8e5AnzIZNtZtta', '6VTvaLJ9arNmKi8e1ekOwW', '4KY9rCrokaoFzvMfX98u1q', '4NfVXEoTZVX7rpJSZEVGLg', '4wYzzR0lpEub1gUU8bbBTw', '31M8EXHYtEqOqVb1X7JRVe', '122qG4lB9vG6XCjrwJPnRJ', '0u0UpxbGCOvx73fRjlVrkg']","['The Pale White', 'Demob Happy', 'Twin Wild', 'VANT', 'Big Spring', 'Airways', 'King Nun', 'The Amazons', 'Fangclub', 'King No-One', 'Des Rocs', 'Fizzy Blood', 'Rews', 'cleopatrick', 'IRONTOM', 'CRX', 'BLOXX', 'Dead Poet Society', 'Royal Tusk', 'PLTS']"
0aeLcja6hKzb7Uz2ou7ulP,Noah And The Whale,55,"['indie folk', 'indie pop', 'indie rock', 'stomp and holler']","['1UQRtt7eHW6Bt4INNTUtb3', '7giUHu5pv6YTZgSkxxCcgh', '1UzKSuyOqKgUupcNNEtnF1', '7B2edU3Q7btJoNsoHCNohM', '5EM6xJN2QNk0cL7EEm9HR9', '3pTE9iaJTkWns3mxpNQlJV', '6fVcDUckTwxqg56qNsEvUr', '7D5oTJSXSHf51auG0106CQ', '7ITd48RbLVpUfheE7B86o2', '2YKp8Odp8GGbAkVU60Yk2Y', '0vW8z9pZMGCcRtGPGtyqiB', '25mrbNwFzoqPWyYXLhiDRw', '6qiGjRyN7TJ1GA2nXF68Hi', '2m1l9MLSslzup4vvokKgvQ', '3ZllGjNdP5pS8UFnT5Jj2x', '09K1H1DgyIXHsMx2j7KTFX', '4LG4Bs1Gadht7TCrMytQUO', '2BpAc5eK7Rz5GAwSp9UYXa', '6QKDcdjtwqu4E7rztEUQu5', '0OdUWJ0sBjDrqHygGUXeCF']","['Johnny Flynn', 'Edward Sharpe & The Magnetic Zeros', 'Stornoway', 'Laura Marling', 'Radical Face', 'Bombay Bicycle Club', 'Frightened Rabbit', 'Benjamin Francis Leftwich', 'The Decemberists', 'Coconut Records', 'The Maccabees', 'Alexi Murdoch', 'Blind Pilot', 'Villagers', 'Sea Wolf', 'Mystery Jets', 'The Shins', 'The Tallest Man On Earth', 'King Charles', 'Band of Horses']"
75dQReiBOHN37fQgWQrIAJ,Local Natives,59,"['indie folk', 'indie pop', 'indie rock', 'la indie', 'modern rock', 'stomp and holler']","['6dgwEwnK0YtDfS9XhRwBTG', '57MtJQ6Sc4tIxrXIhrqVJL', '6Qm9stX6XO1a4c7BXQDDgc', '4LG4Bs1Gadht7TCrMytQUO', '6VDdCwrBM4qQaGxoAyxyJC', '2YKp8Odp8GGbAkVU60Yk2Y', '0OdUWJ0sBjDrqHygGUXeCF', '1xVWSPiw5B0OduIC0DSu3V', '2Jv5eshHtLycR6R8KQCdc4', '7gjAu1qr5C2grXeQFFOGeh', '41SQP16hv1TioVYqdckmxT', '7lOJ7WXyopaxri0dbOiZkd', '3HJIB8sYPyxrFGuwvKXSLR', '4mLJ3XfOM5FPjSAWdQ2Jk7', '04HvbIwBccFmRie5ATX4ft', '7wGrLSB3v7jkV3fSsjYwtv', '3pTE9iaJTkWns3mxpNQlJV', '6u11Qbko2N2hP4lTBYjX86', '6FIrstf3kHEg3zBOyLpvxD', '3wyfo3svXNWnszGAEVey11']","['Broken Bells', 'Generationals', 'Fruit Bats', 'The Shins', 'Cold War Kids', 'Coconut Records', 'Band of Horses', 'Delta Spirit', 'Grizzly Bear', 'Passion Pit', 'Real Estate', 'Broken Social Scene', 'TV On The Radio', 'Dr. Dog', 'Yeasayer', 'Born Ruffians', 'Bombay Bicycle Club', 'Peter Bjorn and John', 'Ra Ra Riot', 'Tokyo Police Club']"
4W48hZAnAHVOC2c8WH8pcq,The Temper Trap,66,"['alternative dance', 'modern rock']","['76KHdORVQMt7L6nVzvOUph', '3pTE9iaJTkWns3mxpNQlJV', '0oeUpvxWsC8bWS6SnpU8b9', '5DCtsJfyBEzvZ9qN7jSA6j', '3yW6jTzGjHUUkLvLkjLOVn', '4l1cKWYW591xnwEGxpUg3J', '7gjAu1qr5C2grXeQFFOGeh', '7FbzGvWpjaY6o3AkdWoZVO', '0Ou0138wEd8XWebhc4j7O0', '4UzQ37Y0rzonVpsXpcNyFH', '6ssXMmc5EOUrauZxirM910', '7sCcPQQft3sSxcJaB30dlb', '18Zv2g2vUcEGqJf6WnjfXN', '0aeLcja6hKzb7Uz2ou7ulP', '7DEseTqRODmSu3C7jxCHl5', '0vW8z9pZMGCcRtGPGtyqiB', '1zTAQ6zkGz2L2i6lfR30EX', '54xBWCXYw0pydXBknIdiC6', '4tvKz56Tr39bkhcQUTO0Xr', '5VWIuZAPbBdtFHdbDyYeHQ']","['The Jezabels', 'Bombay Bicycle Club', 'The Naked And Famous', 'Cloud Control', 'Eskimo Joe', 'Miike Snow', 'Passion Pit', 'British India', 'San Cisco', 'Josh Pyke', 'White Lies', 'Bluejuice', 'Brandon Flowers', 'Noah And The Whale', 'The Boxer Rebellion', 'The Maccabees', 'The Presets', 'Gypsy & The Cat', 'Angus & Julia Stone', 'Evermore']"
6dgwEwnK0YtDfS9XhRwBTG,Broken Bells,59,"['alternative dance', 'alternative rock', 'indie pop', 'indie rock', 'indietronica', 'la indie', 'modern rock', 'new rave', 'rock']","['75dQReiBOHN37fQgWQrIAJ', '2YKp8Odp8GGbAkVU60Yk2Y', '3HJIB8sYPyxrFGuwvKXSLR', '6VDdCwrBM4qQaGxoAyxyJC', '4LG4Bs1Gadht7TCrMytQUO', '04HvbIwBccFmRie5ATX4ft', '6u11Qbko2N2hP4lTBYjX86', '57MtJQ6Sc4tIxrXIhrqVJL', '4l1cKWYW591xnwEGxpUg3J', '0K1q0nXQ8is36PzOKAMbNe', '7lOJ7WXyopaxri0dbOiZkd', '0OdUWJ0sBjDrqHygGUXeCF', '1xVWSPiw5B0OduIC0DSu3V', '2Jv5eshHtLycR6R8KQCdc4', '7gjAu1qr5C2grXeQFFOGeh', '6FIrstf3kHEg3zBOyLpvxD', '6Qm9stX6XO1a4c7BXQDDgc', '3pTE9iaJTkWns3mxpNQlJV', '1jSaZgaKHmgc7VTgML528r', '6pmxr66tMAePxzOLfjGNcX']","['Local Natives', 'Coconut Records', 'TV On The Radio', 'Cold War Kids', 'The Shins', 'Yeasayer', 'Peter Bjorn and John', 'Generationals', 'Miike Snow', 'Spoon', 'Broken Social Scene', 'Band of Horses', 'Delta Spirit', 'Grizzly Bear', 'Passion Pit', 'Ra Ra Riot', 'Fruit Bats', 'Bombay Bicycle Club', 'Clap Your Hands Say Yeah', 'Beirut']"
4bFfSfCBYpFh37ziXCSqUs,"Does It Offend You, Yeah?",34,"['alternative dance', 'dance-punk', 'electronic rock', 'new rave', 'reading indie']","['2qlAMLpUyBjZgnzuFXXZXI', '5ZBQea34QfBgEDkcGEKK2b', '1gnKXnSL1BgGCTIrV3d4iq', '4M2H1fDQR5ygAi7MMOVxAA', '3kdrMtLybQIl93rXJlvF3w', '2fBURuq7FrlH6z5F92mpOl', '1369EOxSlL69yV9Yp1nVaR', '2tGIh9kwbXuko0z3BTldBx', '4UTHeJ0TdH6zAEt5MoV02I', '4foARo5aSfuIuDLupoxK4k', '1zTAQ6zkGz2L2i6lfR30EX', '4FTDSkWpchgZy2axPEGDJW', '31DXlldabwPHwu6dYevuzK', '6iD5nfYvdSl4fCkcjzs2XF', '166Dz1GX3xonSQ3Z6CQW26', '2squZ8HjM4AzR0j6jsPn4a', '1oJolWh3meHLWUcyIijst7', '2K13AVg3bFpHSxDM1vJ0qA', '18H0sAptzdwid08XGg1Lcj', '3MM8mtgFzaEJsqbjZBSsHJ']","['Klaxons', 'Late of the Pier', 'Shitdisco', 'The Whip', 'New Young Pony Club', 'Digitalism', 'Hadouken!', 'Midnight Juggernauts', 'Delphic', 'Datarock', 'The Presets', 'Van She', 'Simian Mobile Disco', 'We Have Band', 'The Rapture', 'MSTRKRFT', 'Black Kids', 'CSS', 'Death From Above 1979', 'Bloc Party']"
5ZBQea34QfBgEDkcGEKK2b,Late of the Pier,29,"['alternative dance', 'dance-punk', 'leicester indie', 'new rave']","['4bFfSfCBYpFh37ziXCSqUs', '2qlAMLpUyBjZgnzuFXXZXI', '1gnKXnSL1BgGCTIrV3d4iq', '3kdrMtLybQIl93rXJlvF3w', '4M2H1fDQR5ygAi7MMOVxAA', '2tGIh9kwbXuko0z3BTldBx', '166Dz1GX3xonSQ3Z6CQW26', '4UTHeJ0TdH6zAEt5MoV02I', '4foARo5aSfuIuDLupoxK4k', '54QMjE4toDfiCryzYWCpXX', '6w9ED7WnjSscMaY2RCVOHh', '7w0e6inAfRWIEb9tWVgB7a', '6iD5nfYvdSl4fCkcjzs2XF', '2fBURuq7FrlH6z5F92mpOl', '4dGVRIf2xj0JhawVheLiOI', '1oJolWh3meHLWUcyIijst7', '4L1GzFX6FhzqZTNyNIGXjQ', '2JYMUWD8r1jFFjD1V3WcCX', '5miWG3FgilzOG7dy3aowZc', '2K13AVg3bFpHSxDM1vJ0qA']","['Does It Offend You, Yeah?', 'Klaxons', 'Shitdisco', 'New Young Pony Club', 'The Whip', 'Midnight Juggernauts', 'The Rapture', 'Delphic', 'Datarock', 'Metronomy', 'Shy Child', 'These New Puritans', 'We Have Band', 'Digitalism', 'Tom Vek', 'Black Kids', 'Test Icicles', 'LA Priest', 'Thieves Like Us', 'CSS']"
166Dz1GX3xonSQ3Z6CQW26,The Rapture,46,"['alternative dance', 'dance-punk', 'electroclash', 'electronica', 'indie rock', 'modern rock', 'new rave']","['1mmehjf7eHA10uHMisZGJg', '59jgbUCd3zllD0HpxgPQBJ', '2qlAMLpUyBjZgnzuFXXZXI', '37uLId6Z5ZXCx19vuruvv5', '3kdrMtLybQIl93rXJlvF3w', '0j2MwhbFTvquOBhs3LeIfU', '066X20Nz7iquqkkCW6Jxy6', '2tGIh9kwbXuko0z3BTldBx', '31DXlldabwPHwu6dYevuzK', '4EENT7N7rCBwrddM3s0vFS', '5ZBQea34QfBgEDkcGEKK2b', '2K13AVg3bFpHSxDM1vJ0qA', '4A1yfFuBmBOgzv4Oe3fFHk', '39x9e2QDpAxK8xTuJDwRqR', '7EFB09NxZrMi9pGlOnuBpd', '6iD5nfYvdSl4fCkcjzs2XF', '5miWG3FgilzOG7dy3aowZc', '4dGVRIf2xj0JhawVheLiOI', '1qcU8NabUQ5efQf8UGW6CV', '4bFfSfCBYpFh37ziXCSqUs']","['!!!', 'Moving Units', 'Klaxons', 'Hot Chip', 'New Young Pony Club', 'Fujiya & Miyagi', 'LCD Soundsystem', 'Midnight Juggernauts', 'Simian Mobile Disco', 'Cut Copy', 'Late of the Pier', 'CSS', 'The Faint', 'Junior Boys', 'The Horrors', 'We Have Band', 'Thieves Like Us', 'Tom Vek', 'The Whitest Boy Alive', 'Does It Offend You, Yeah?']"
2fBURuq7FrlH6z5F92mpOl,Digitalism,49,"['alternative dance', 'dance-punk', 'electro house', 'electronica', 'indietronica', 'new rave']","['31DXlldabwPHwu6dYevuzK', '2tGIh9kwbXuko0z3BTldBx', '43mWhBXSflupNLuNjM5vff', '2squZ8HjM4AzR0j6jsPn4a', '62k5LKMhymqlDNo2DWOvvv', '4M84umUNRbZy1mJleyyRM9', '4bFfSfCBYpFh37ziXCSqUs', '5tOWIviwLM1EIqGAbF8VSU', '0b9ukmbg0MO5eMlorcgOwz', '1zTAQ6zkGz2L2i6lfR30EX', '0QJKELJZZuLAjqLOOixJm5', '0UF7XLthtbSF2Eur7559oV', '4M2H1fDQR5ygAi7MMOVxAA', '2o3U0ld93tHYowkoari4Vi', '5zExRf0VQCl3GO4Jrj8r0s', '1gR0gsQYfi6joyO1dlp76N', '2ePIzx9NjxplS724QMZtsf', '5l9wiTZVfqQTfMDOt0HtwC', '22680B8sUdq6bL6nQaJfwg', '78YRbJhMi5kXKruiQGCJo7']","['Simian Mobile Disco', 'Midnight Juggernauts', 'Soulwax', 'MSTRKRFT', 'Boys Noize', 'Vitalic', 'Does It Offend You, Yeah?', 'SebastiAn', 'Mr. Oizo', 'The Presets', 'The Bloody Beetroots', 'Kavinsky', 'The Whip', 'Danger', 'The Toxic Avenger', 'Justice', 'Yuksek', 'Tiga', 'Siriusmo', 'Étienne de Crécy']"
3kdrMtLybQIl93rXJlvF3w,New Young Pony Club,35,"['alternative dance', 'dance-punk', 'electroclash', 'electronica', 'electropop', 'indietronica', 'neo-synthpop', 'new rave']","['4M2H1fDQR5ygAi7MMOVxAA', '4bFfSfCBYpFh37ziXCSqUs', '2K13AVg3bFpHSxDM1vJ0qA', '2tGIh9kwbXuko0z3BTldBx', '2GUPq2sUqFNcvAoFxBsUDR', '5R7K1GezC0jy24v1R2n4x3', '6iD5nfYvdSl4fCkcjzs2XF', '5ZBQea34QfBgEDkcGEKK2b', '4foARo5aSfuIuDLupoxK4k', '5TfnQ0Ai1cEbKY5katFK14', '31DXlldabwPHwu6dYevuzK', '25w2vpqq7dYleBAqMx7Ijx', '4FTDSkWpchgZy2axPEGDJW', '6p0e3Ff2s0DVh1I7WjOeqq', '5miWG3FgilzOG7dy3aowZc', '39x9e2QDpAxK8xTuJDwRqR', '2qlAMLpUyBjZgnzuFXXZXI', '7JUms0YyWoLQ0ICQvrEgjL', '166Dz1GX3xonSQ3Z6CQW26', '6ys6r2ftzNbWUTSlqlkPO2']","['The Whip', 'Does It Offend You, Yeah?', 'CSS', 'Midnight Juggernauts', 'Chew Lips', 'Fischerspooner', 'We Have Band', 'Late of the Pier', 'Datarock', 'Ladyhawke', 'Simian Mobile Disco', 'Zoot Woman', 'Van She', 'Robots In Disguise', 'Thieves Like Us', 'Junior Boys', 'Klaxons', 'Zeigeist', 'The Rapture', 'The Golden Filter']"
7EFB09NxZrMi9pGlOnuBpd,The Horrors,46,"['alternative dance', 'alternative rock', 'deep gothic post-punk', 'dream pop', 'electronica', 'essex indie', 'grave wave', 'indie rock', 'modern alternative rock', 'modern rock', 'new rave', 'nu gaze', 'shoegaze']","['2qlAMLpUyBjZgnzuFXXZXI', '5BYuBzqmTXwUDw2rYkwExr', '166Dz1GX3xonSQ3Z6CQW26', '0vW8z9pZMGCcRtGPGtyqiB', '4RlEYUI2Q5gKfDn1VwKQpK', '51Eq6WMVEOjjx9KQMAnneG', '4zrFO6P7G6EZry0pfxMfKT', '6ssXMmc5EOUrauZxirM910', '09K1H1DgyIXHsMx2j7KTFX', '1Li0eIWeMeWcOOWpImcG9H', '3AmgGrYHXqgbmZ2yKoIVzO', '3LTXHU3DhiYzGIgF2PP8Q8', '3kx1S2P2Qq3a9bG4DGsAjR', '38zTZcuN7nFvVJ6auhc6V3', '4OrizGCKhOrW6iDDJHN9xd', '0LVrQUinPUBFvVD5pLqmWY', '2ARO60gI5do88ho6azmzab', '7mDQwcnDUGuSoggxbUtVc1', '3WaJSfKnzc65VDgmj2zU8B', '1jSaZgaKHmgc7VTgML528r']","['Klaxons', 'The Kills', 'The Rapture', 'The Maccabees', 'Julian Plenti', 'The Cribs', 'Wild Beasts', 'White Lies', 'Mystery Jets', 'Albert Hammond Jr', 'Warpaint', 'The Raveonettes', 'A Place To Bury Strangers', 'Deerhunter', 'DIIV', 'Doves', 'Django Django', 'The Rakes', 'Interpol', 'Clap Your Hands Say Yeah']"
18H0sAptzdwid08XGg1Lcj,Death From Above 1979,49,"['alternative dance', 'alternative rock', 'canadian rock', 'dance-punk', 'garage rock', 'indie rock', 'indietronica', 'modern alternative rock', 'modern rock', 'new rave', 'rock']","['3r6Sk3pYxdJk7MekhBGgMR', '4A1yfFuBmBOgzv4Oe3fFHk', '2qlAMLpUyBjZgnzuFXXZXI', '7vkiEK5D7Gf0z4M1Va0CXD', '166Dz1GX3xonSQ3Z6CQW26', '4bFfSfCBYpFh37ziXCSqUs', '4ddt8PPvmWrI9mJQy1VrIG', '3HJIB8sYPyxrFGuwvKXSLR', '1tpXaFf2F55E7kVJON4j4G', '4AZab8zo2nTYd7ORDmQu0V', '5BYuBzqmTXwUDw2rYkwExr', '2bcrMsFlF632EQ6VZERWFu', '4wo1267SJuUfHgasdlfNfc', '35YNL4wwv11ZkmeWWL51y7', '4DToQR3aKrHQSSRzSz8Nzt', '5QPNEMldc8k1g5hT54PCWg', '6wBUn8gMP85n8dPu6LoUcF', '5UVftEhSsIg0kkXlmfhB6M', '4zYQWYmtimAEmI6WWEzGfO', '6qyi8X6MdP1lu6B1K6yh3h']","['Blood Red Shoes', 'The Faint', 'Klaxons', 'The Vines', 'The Rapture', 'Does It Offend You, Yeah?', 'Band Of Skulls', 'TV On The Radio', 'Black Rebel Motorcycle Club', 'The Dead Weather', 'The Kills', 'The Bravery', 'The Raconteurs', 'We Are Scientists', 'The Hives', 'The Von Bondies', '...And You Will Know Us by the Trail of Dead', 'Hot Hot Heat', 'Them Crooked Vultures', 'Silversun Pickups']"
3M0H4efyA5YcijrKlaKbYn,Miles Kane,59,"['baroque pop', 'indie rock', 'modern alternative rock', 'modern rock', 'rock']","['7FPkZue0zzjHaOPJb4WCw3', '2Z7UcsdweVlRbAk5wH5fsf', '5yBDILLJyNFAjFpECkk7ys', '1fy3AQc7grjf5LnCd7snSg', '4fSPtBgFPZzygkY6MehwQ7', '1ctkBmvz80MGyi72Ix055S', '51Eq6WMVEOjjx9KQMAnneG', '3Sr1muUE6DYihFufoHpnfc', '0Ak6DLKHtpR6TEEnmcorKA', '1KlihEB7FggW8e9cMbPXAz', '01ZP85CNi7Y9t1e0one46k', '14GEKKALFIO2oB9IdGXg2e', '1NfJU4hy56Z4UM4iyIa1B2', '0vW8z9pZMGCcRtGPGtyqiB', '6OiHleP2bHM18dXq4aZQWt', '0IBAqjHG8DSaD7PPCGnGiZ', '09K1H1DgyIXHsMx2j7KTFX', '6fHETUBbKmdmgybtFOFQuc', '1Li0eIWeMeWcOOWpImcG9H', '7sjttK1WcZeyLPn3IsQ62L']","['The Pigeon Detectives', 'The Last Shadow Puppets', 'Beady Eye', 'The View', 'The Libertines', 'Alex Turner', 'The Cribs', 'The Rifles', 'The Vaccines', 'Milburn', 'The Enemy', 'Reverend And The Makers', 'Courteeners', 'The Maccabees', 'The Coral', 'Babyshambles', 'Mystery Jets', 'Dirty Pretty Things', 'Albert Hammond Jr', ""Noel Gallagher's High Flying Birds""]"
1NfJU4hy56Z4UM4iyIa1B2,Courteeners,54,"['britpop', 'manchester indie', 'modern rock', 'rock']","['01ZP85CNi7Y9t1e0one46k', '1fy3AQc7grjf5LnCd7snSg', '7FPkZue0zzjHaOPJb4WCw3', '3Sr1muUE6DYihFufoHpnfc', '721LNYldlmaLlKi0IQ5ClK', '19t4krGrwyr10giUMdv8BK', '1KlihEB7FggW8e9cMbPXAz', '51Eq6WMVEOjjx9KQMAnneG', '14GEKKALFIO2oB9IdGXg2e', '3Rsr4Z96O6U3lToOiV3zBh', '4yNl6kohlH1jcbfXwkcpg9', '450iujbtN6XgiA9pv6fVZz', '048FBwXjFYBWxSggPDipic', '14Gi3Uph96lpNB3utkoVAD', '0vW8z9pZMGCcRtGPGtyqiB', '6OiHleP2bHM18dXq4aZQWt', '4fSPtBgFPZzygkY6MehwQ7', '0Ya43ZKWHTKkAbkoJJkwIB', '0LbLWjaweRbO4FDKYlbfNt', '09K1H1DgyIXHsMx2j7KTFX']","['The Enemy', 'The View', 'The Pigeon Detectives', 'The Rifles', 'Little Man Tate', 'The Twang', 'Milburn', 'The Cribs', 'Reverend And The Makers', 'Jamie T', 'Twisted Wheel', 'Razorlight', 'Maximo Park', 'Hard-FI', 'The Maccabees', 'The Coral', 'The Libertines', 'The Wombats', 'Kaiser Chiefs', 'Mystery Jets']"
1ctkBmvz80MGyi72Ix055S,Alex Turner,61,"['modern rock', 'rock', 'sheffield indie']","['2Z7UcsdweVlRbAk5wH5fsf', '3M0H4efyA5YcijrKlaKbYn', '1Li0eIWeMeWcOOWpImcG9H', '4fSPtBgFPZzygkY6MehwQ7', '0Ak6DLKHtpR6TEEnmcorKA', '1rAv1GhTQ2rmG94p9lU3rB', '0vW8z9pZMGCcRtGPGtyqiB', '51Eq6WMVEOjjx9KQMAnneG', '3M4ThdJR28z9eSMcQHAZ5G', '2qqZbV6smvvtohQOUgZqKa', '0aLsJXIaJ6MMCZIzaGpMaX', '0IBAqjHG8DSaD7PPCGnGiZ', '09K1H1DgyIXHsMx2j7KTFX', '0p5axeJsbtTCXBrRVoKjwu', '0epOFNiUfyON9EYx7Tpr6V', '1GLtl8uqKmnyCWxHmw9tL4', '07xbJ7SM1JopFtI1qXvSww', '4hf3caW9H8uFwwbv5pFjcg', '36E7oYfz3LLRto6l2WmDcD', '4nUBBtLtzqZGpdiynTJbYJ']","['The Last Shadow Puppets', 'Miles Kane', 'Albert Hammond Jr', 'The Libertines', 'The Vaccines', 'Julian Casablancas', 'The Maccabees', 'The Cribs', 'The Fratellis', 'Alexandra Savior', 'Little Joy', 'Babyshambles', 'Mystery Jets', 'The Drums', 'The Strokes', 'The Kooks', 'Mini Mansions', 'Jake Bugg', 'Pulp', 'The Voidz']"
0Ya43ZKWHTKkAbkoJJkwIB,The Wombats,65,"['liverpool indie', 'modern alternative rock', 'modern rock', 'rock']","['7FPkZue0zzjHaOPJb4WCw3', '3M4ThdJR28z9eSMcQHAZ5G', '3Rsr4Z96O6U3lToOiV3zBh', '1NfJU4hy56Z4UM4iyIa1B2', '0LbLWjaweRbO4FDKYlbfNt', '450iujbtN6XgiA9pv6fVZz', '536BYVgOnRky0xjsPT96zl', '048FBwXjFYBWxSggPDipic', '35YNL4wwv11ZkmeWWL51y7', '09K1H1DgyIXHsMx2j7KTFX', '0vW8z9pZMGCcRtGPGtyqiB', '3pTE9iaJTkWns3mxpNQlJV', '01ZP85CNi7Y9t1e0one46k', '4LlDtNr8qFwhrT8eL2wzH4', '3MM8mtgFzaEJsqbjZBSsHJ', '1GLtl8uqKmnyCWxHmw9tL4', '0Ak6DLKHtpR6TEEnmcorKA', '14Gi3Uph96lpNB3utkoVAD', '2wpJOPmf1TIOzrB9mzHifd', '51Eq6WMVEOjjx9KQMAnneG']","['The Pigeon Detectives', 'The Fratellis', 'Jamie T', 'Courteeners', 'Kaiser Chiefs', 'Razorlight', 'Two Door Cinema Club', 'Maximo Park', 'We Are Scientists', 'Mystery Jets', 'The Maccabees', 'Bombay Bicycle Club', 'The Enemy', 'The Hoosiers', 'Bloc Party', 'The Kooks', 'The Vaccines', 'Hard-FI', 'Scouting For Girls', 'The Cribs']"
0In4Vd9eYtg6VMNlX9mngU,Cajun Dance Party,28,"['british indie rock', 'new rave']","['0ucpA79hkvtJ2qtPv1yXVm', '1SBU4DvQapOFCnxMzENUkp', '721LNYldlmaLlKi0IQ5ClK', '51Eq6WMVEOjjx9KQMAnneG', '2LrQtNcBWufq2AjaM6swf7', '4kYNTq3njMHBcnv8Di0v0Y', '3Sr1muUE6DYihFufoHpnfc', '7FPkZue0zzjHaOPJb4WCw3', '09K1H1DgyIXHsMx2j7KTFX', '0vW8z9pZMGCcRtGPGtyqiB', '3TBfn8PtXr42OrTPaoC3E8', '1MgvsJla47xsnYySv4nJU5', '15dpP4ak7Z35TvysdicaUr', '7mDQwcnDUGuSoggxbUtVc1', '4s80V6BJwBbS1UEbjeQejQ', '1KlihEB7FggW8e9cMbPXAz', '3On7zXKjSRYhbsuUpLJ59k', '2cUnvdrMWIMACo3fSxCrWW', '1fy3AQc7grjf5LnCd7snSg', '3Rsr4Z96O6U3lToOiV3zBh']","['The Holloways', 'Good Shoes', 'Little Man Tate', 'The Cribs', 'The Rumble Strips', 'Young Knives', 'The Rifles', 'The Pigeon Detectives', 'Mystery Jets', 'The Maccabees', 'The Futureheads', 'Larrikin Love', 'The Paddingtons', 'The Rakes', 'Pete And The Pirates', 'Milburn', 'The Sunshine Underground', 'Mumm-ra', 'The View', 'Jamie T']"
0G8zjE6SsFTlbglCkU8pm3,Starsailor,47,"['britpop', 'lancashire indie', 'piano rock']","['766wIvoqqGrjRDnExOjJls', '0LVrQUinPUBFvVD5pLqmWY', '1HGTHrRQkw0BtevSo1jucU', '74K7bX12L8GBAWvPuyIgJ7', '6C0JkmxU2cgkVzotHJgfW7', '3bUwxJgNakzYKkqAVgZLlh', '1zrBQvkTNhFFby4V5UiK2L', '0NAPmlw3oOKJ3BD7qcjLdQ', '3s398TKZNahAURRacx7oIT', '5vIOGcdmx1eIkq3ZtuS12U', '21UJ7PRWb3Etgsu99f8yo8', '0qLNsNKm8bQcMoRFkR8Hmh', '0vBDEQ1aLZpe4zgn2fPH6Z', '3mbVe260Kgvs1P8YFcCyY7', '2uH0RyPcX7fnCcT90HFDQX', '6e9wIFWhBPHLE9bXK8gtBI', '6OiHleP2bHM18dXq4aZQWt', '0ZZr6Y49NZWRJc0uCwqpMR', '0sHeX8oQ6o7xic3wMf4NBU', '2cGwlqi3k18jFpUyTrsR84']","['Thirteen Senses', 'Doves', 'Richard Ashcroft', 'Embrace', 'Athlete', 'Travis', 'Turin Brakes', 'Delays', 'Ian Brown', 'Ocean Colour Scene', 'Stereophonics', 'James', 'Cast', 'The Seahorses', 'Manic Street Preachers', 'Editors', 'The Coral', 'Feeder', 'Supergrass', 'The Verve']"
0LVrQUinPUBFvVD5pLqmWY,Doves,49,"['alternative dance', 'alternative rock', 'britpop', 'electronica', 'indie rock', 'modern rock', 'new rave', 'pop rock', 'rock']","['1HGTHrRQkw0BtevSo1jucU', '3s398TKZNahAURRacx7oIT', '0sHeX8oQ6o7xic3wMf4NBU', '1zrBQvkTNhFFby4V5UiK2L', '0G8zjE6SsFTlbglCkU8pm3', '244fcyNSuyhbRlMGfMbYrO', '0TJB3EE2efClsYIDQ8V2Jk', '6OiHleP2bHM18dXq4aZQWt', '74K7bX12L8GBAWvPuyIgJ7', '2evydP72Z45DouM4uMGsIE', '5fScAXreYFnuqwOgBsJgSd', '4zPGlyitRvJo7iz6OKlETa', '2uH0RyPcX7fnCcT90HFDQX', '3mbVe260Kgvs1P8YFcCyY7', '5vIOGcdmx1eIkq3ZtuS12U', '0NAPmlw3oOKJ3BD7qcjLdQ', '4IT7CS5foj1DTNHT7fjFx2', '66nOkPJTFgK25NMmojG04V', '0FOcXqJgJ1oq9XfzYTDZmZ', '6C0JkmxU2cgkVzotHJgfW7']","['Richard Ashcroft', 'Ian Brown', 'Supergrass', 'Turin Brakes', 'Starsailor', 'Badly Drawn Boy', 'Elbow', 'The Coral', 'Embrace', 'Ash', 'The Charlatans', 'Gomez', 'Manic Street Preachers', 'The Seahorses', 'Ocean Colour Scene', 'Delays', 'The Music', 'The Bluetones', 'Super Furry Animals', 'Athlete']"
6fHETUBbKmdmgybtFOFQuc,Dirty Pretty Things,42,"['modern rock', 'new rave']","['0IBAqjHG8DSaD7PPCGnGiZ', '7FPkZue0zzjHaOPJb4WCw3', '0ucpA79hkvtJ2qtPv1yXVm', '4fSPtBgFPZzygkY6MehwQ7', '3Sr1muUE6DYihFufoHpnfc', '721LNYldlmaLlKi0IQ5ClK', '3M4ThdJR28z9eSMcQHAZ5G', '1fy3AQc7grjf5LnCd7snSg', '0ikiOZC4SDG6OrgHLESydg', '7mDQwcnDUGuSoggxbUtVc1', '01ZP85CNi7Y9t1e0one46k', '1KlihEB7FggW8e9cMbPXAz', '4BntNFyiN3VGG4hhRRZt9d', '2qV7axHq9Jk7QqFcB3f05A', '51Eq6WMVEOjjx9KQMAnneG', '2Z7UcsdweVlRbAk5wH5fsf', '450iujbtN6XgiA9pv6fVZz', '048FBwXjFYBWxSggPDipic', '15dpP4ak7Z35TvysdicaUr', '0LbLWjaweRbO4FDKYlbfNt']","['Babyshambles', 'The Pigeon Detectives', 'The Holloways', 'The Libertines', 'The Rifles', 'Little Man Tate', 'The Fratellis', 'The View', 'Peter Doherty', 'The Rakes', 'The Enemy', 'Milburn', 'The Subways', 'The Zutons', 'The Cribs', 'The Last Shadow Puppets', 'Razorlight', 'Maximo Park', 'The Paddingtons', 'Kaiser Chiefs']"
2qV7axHq9Jk7QqFcB3f05A,The Zutons,43,['english indie rock'],"['7FPkZue0zzjHaOPJb4WCw3', '01ZP85CNi7Y9t1e0one46k', '6fHETUBbKmdmgybtFOFQuc', '14Gi3Uph96lpNB3utkoVAD', '721LNYldlmaLlKi0IQ5ClK', '1KlihEB7FggW8e9cMbPXAz', '14GEKKALFIO2oB9IdGXg2e', '3TBfn8PtXr42OrTPaoC3E8', '7mDQwcnDUGuSoggxbUtVc1', '450iujbtN6XgiA9pv6fVZz', '6OiHleP2bHM18dXq4aZQWt', '3Sr1muUE6DYihFufoHpnfc', '2xPxXPgmZFs7x6xRFpHwkq', '1fy3AQc7grjf5LnCd7snSg', '0ucpA79hkvtJ2qtPv1yXVm', '0LbLWjaweRbO4FDKYlbfNt', '4kYNTq3njMHBcnv8Di0v0Y', '19t4krGrwyr10giUMdv8BK', '0tYc0gVOzssZmLpVO6wh7L', '048FBwXjFYBWxSggPDipic']","['The Pigeon Detectives', 'The Enemy', 'Dirty Pretty Things', 'Hard-FI', 'Little Man Tate', 'Milburn', 'Reverend And The Makers', 'The Futureheads', 'The Rakes', 'Razorlight', 'The Coral', 'The Rifles', 'The Ordinary Boys', 'The View', 'The Holloways', 'Kaiser Chiefs', 'Young Knives', 'The Twang', 'The Thrills', 'Maximo Park']"
0IBAqjHG8DSaD7PPCGnGiZ,Babyshambles,43,[],"['6fHETUBbKmdmgybtFOFQuc', '4fSPtBgFPZzygkY6MehwQ7', '7FPkZue0zzjHaOPJb4WCw3', '0ikiOZC4SDG6OrgHLESydg', '1fy3AQc7grjf5LnCd7snSg', '3Sr1muUE6DYihFufoHpnfc', '7mDQwcnDUGuSoggxbUtVc1', '721LNYldlmaLlKi0IQ5ClK', '51Eq6WMVEOjjx9KQMAnneG', '01ZP85CNi7Y9t1e0one46k', '1KlihEB7FggW8e9cMbPXAz', '2Z7UcsdweVlRbAk5wH5fsf', '3TBfn8PtXr42OrTPaoC3E8', '1SBU4DvQapOFCnxMzENUkp', '048FBwXjFYBWxSggPDipic', '4BntNFyiN3VGG4hhRRZt9d', '3M4ThdJR28z9eSMcQHAZ5G', '4witOSloY5fbZOrzjyhpzk', '6OiHleP2bHM18dXq4aZQWt', '15dpP4ak7Z35TvysdicaUr']","['Dirty Pretty Things', 'The Libertines', 'The Pigeon Detectives', 'Peter Doherty', 'The View', 'The Rifles', 'The Rakes', 'Little Man Tate', 'The Cribs', 'The Enemy', 'Milburn', 'The Last Shadow Puppets', 'The Futureheads', 'Good Shoes', 'Maximo Park', 'The Subways', 'The Fratellis', 'Carl Barât', 'The Coral', 'The Paddingtons']"
19t4krGrwyr10giUMdv8BK,The Twang,36,"['birmingham indie', 'british indie rock', 'britpop']","['721LNYldlmaLlKi0IQ5ClK', '01ZP85CNi7Y9t1e0one46k', '1KlihEB7FggW8e9cMbPXAz', '7FPkZue0zzjHaOPJb4WCw3', '1fy3AQc7grjf5LnCd7snSg', '14GEKKALFIO2oB9IdGXg2e', '0ucpA79hkvtJ2qtPv1yXVm', '3Sr1muUE6DYihFufoHpnfc', '1NfJU4hy56Z4UM4iyIa1B2', '4yNl6kohlH1jcbfXwkcpg9', '3On7zXKjSRYhbsuUpLJ59k', '2xPxXPgmZFs7x6xRFpHwkq', '51Eq6WMVEOjjx9KQMAnneG', '3TBfn8PtXr42OrTPaoC3E8', '7mDQwcnDUGuSoggxbUtVc1', '2qV7axHq9Jk7QqFcB3f05A', '4kYNTq3njMHBcnv8Di0v0Y', '14Gi3Uph96lpNB3utkoVAD', '048FBwXjFYBWxSggPDipic', '1VyVjE6tvQiM8T8a3WcYQd']","['Little Man Tate', 'The Enemy', 'Milburn', 'The Pigeon Detectives', 'The View', 'Reverend And The Makers', 'The Holloways', 'The Rifles', 'Courteeners', 'Twisted Wheel', 'The Sunshine Underground', 'The Ordinary Boys', 'The Cribs', 'The Futureheads', 'The Rakes', 'The Zutons', 'Young Knives', 'Hard-FI', 'Maximo Park', 'Jack Peñate']"
14GEKKALFIO2oB9IdGXg2e,Reverend And The Makers,42,"['britpop', 'sheffield indie']","['01ZP85CNi7Y9t1e0one46k', '721LNYldlmaLlKi0IQ5ClK', '19t4krGrwyr10giUMdv8BK', '7FPkZue0zzjHaOPJb4WCw3', '1KlihEB7FggW8e9cMbPXAz', '1fy3AQc7grjf5LnCd7snSg', '3Sr1muUE6DYihFufoHpnfc', '0ucpA79hkvtJ2qtPv1yXVm', '1NfJU4hy56Z4UM4iyIa1B2', '2qV7axHq9Jk7QqFcB3f05A', '7mDQwcnDUGuSoggxbUtVc1', '2xPxXPgmZFs7x6xRFpHwkq', '4yNl6kohlH1jcbfXwkcpg9', '3TBfn8PtXr42OrTPaoC3E8', '3On7zXKjSRYhbsuUpLJ59k', '4kYNTq3njMHBcnv8Di0v0Y', '51Eq6WMVEOjjx9KQMAnneG', '6fHETUBbKmdmgybtFOFQuc', '14Gi3Uph96lpNB3utkoVAD', '1SBU4DvQapOFCnxMzENUkp']","['The Enemy', 'Little Man Tate', 'The Twang', 'The Pigeon Detectives', 'Milburn', 'The View', 'The Rifles', 'The Holloways', 'Courteeners', 'The Zutons', 'The Rakes', 'The Ordinary Boys', 'Twisted Wheel', 'The Futureheads', 'The Sunshine Underground', 'Young Knives', 'The Cribs', 'Dirty Pretty Things', 'Hard-FI', 'Good Shoes']"
721LNYldlmaLlKi0IQ5ClK,Little Man Tate,29,"['british indie rock', 'sheffield indie']","['0ucpA79hkvtJ2qtPv1yXVm', '1KlihEB7FggW8e9cMbPXAz', '15dpP4ak7Z35TvysdicaUr', '7FPkZue0zzjHaOPJb4WCw3', '3Sr1muUE6DYihFufoHpnfc', '4jAjUpG6nVduqD5icoVMy0', '2XR030zNHFoDh6oVcxG9Hy', '1fy3AQc7grjf5LnCd7snSg', '19t4krGrwyr10giUMdv8BK', '01ZP85CNi7Y9t1e0one46k', '4yNl6kohlH1jcbfXwkcpg9', '7mDQwcnDUGuSoggxbUtVc1', '51Eq6WMVEOjjx9KQMAnneG', '5qVBMUGPLZJlWqeLgKrs4U', '4kYNTq3njMHBcnv8Di0v0Y', '14GEKKALFIO2oB9IdGXg2e', '2LrQtNcBWufq2AjaM6swf7', '1SBU4DvQapOFCnxMzENUkp', '3On7zXKjSRYhbsuUpLJ59k', '6fHETUBbKmdmgybtFOFQuc']","['The Holloways', 'Milburn', 'The Paddingtons', 'The Pigeon Detectives', 'The Rifles', 'Harrisons', 'Bromheads Jacket', 'The View', 'The Twang', 'The Enemy', 'Twisted Wheel', 'The Rakes', 'The Cribs', 'Boy Kill Boy', 'Young Knives', 'Reverend And The Makers', 'The Rumble Strips', 'Good Shoes', 'The Sunshine Underground', 'Dirty Pretty Things']"
6OiHleP2bHM18dXq4aZQWt,The Coral,52,"['britpop', 'modern rock', 'rock']","['2qV7axHq9Jk7QqFcB3f05A', '01ZP85CNi7Y9t1e0one46k', '0LVrQUinPUBFvVD5pLqmWY', '1fy3AQc7grjf5LnCd7snSg', '3s398TKZNahAURRacx7oIT', '0sHeX8oQ6o7xic3wMf4NBU', '7FPkZue0zzjHaOPJb4WCw3', '51Eq6WMVEOjjx9KQMAnneG', '450iujbtN6XgiA9pv6fVZz', '14Gi3Uph96lpNB3utkoVAD', '3Sr1muUE6DYihFufoHpnfc', '1HGTHrRQkw0BtevSo1jucU', '4fSPtBgFPZzygkY6MehwQ7', '47Z8LEl3LnQkcpva0xSthT', '5vIOGcdmx1eIkq3ZtuS12U', '1NfJU4hy56Z4UM4iyIa1B2', '048FBwXjFYBWxSggPDipic', '5fScAXreYFnuqwOgBsJgSd', '0IBAqjHG8DSaD7PPCGnGiZ', '6fHETUBbKmdmgybtFOFQuc']","['The Zutons', 'The Enemy', 'Doves', 'The View', 'Ian Brown', 'Supergrass', 'The Pigeon Detectives', 'The Cribs', 'Razorlight', 'Hard-FI', 'The Rifles', 'Richard Ashcroft', 'The Libertines', ""The La's"", 'Ocean Colour Scene', 'Courteeners', 'Maximo Park', 'The Charlatans', 'Babyshambles', 'Dirty Pretty Things']"
